Time,fps,PitchT,PitchF,DelayCounter,DelayTime
11.27225,1,0,10,0,0
11.30909,1,0,10,0,0
11.34236,1,0,10,0,0
11.3764,1,0,10,0,0
11.41381,1,0,10,0,0
11.44998,1,0,10,0,0
11.48462,1,0,10,0,0
11.5219,1,0,10,0,0
11.55791,1,0,10,0,0
11.58998,1,0,10,0,0
11.62201,1,0,10,0,0
11.65813,11,0,10,0,0
11.69363,11,0,10,0,0
11.72507,11,0,10,0,0
11.76507,11,0,10,0,0
11.79987,11,0,10,0,0
11.8341,11,0,10,0,0
11.86765,11,0,10,0,0
11.90112,11,0,10,0,0
11.93504,11,0,10,0,0
11.96867,11,0,10,0,0
12.00692,11,0,10,0,0
12.04238,11,0,10,0,0
12.07695,11,0,10,0,0
12.10904,11,0,10,0,0
12.16553,11,5,1,0,0
12.20961,11,5,1,0,0
12.24902,11,5,1,0,0
12.29517,11,5,1,0,0
12.33425,11,5,1,0,0
12.38116,11,5,1,0,0
12.41821,11,5,1,0,0
12.45592,11,5,1,0,0
12.48958,11,5,1,0,0
12.52401,11,5,1,0,0
12.55597,11,5,1,0,0
12.59754,11,5,1,0,0
12.63021,11,5,1,0,0
12.66316,27,5,1,0,0
12.69424,27,5,1,0,0
12.73338,27,5,1,0,0
12.77183,27,5,1,0,0
12.80676,27,5,1,0,0
12.84322,27,5,1,0,0
12.87978,27,5,1,0,0
12.91581,27,5,1,0,0
12.94907,27,5,1,0,0
12.98289,27,5,1,0,0
13.01492,27,5,1,0,0
13.04788,27,5,1,0,0
13.07911,27,5,1,0,0
13.11301,27,5,1,0,0
13.14958,27,5,1,0,0
13.18153,27,5,1,0,0
13.21257,27,5,1,0,0
13.24339,27,5,1,0,0
13.27481,27,5,1,0,0
13.30873,27,5,1,0,0
13.34045,27,5,1,0,0
13.37058,27,5,1,0,0
13.40744,27,5,1,0,0
13.44043,27,5,1,0,0
13.47294,27,5,1,0,0
13.50965,27,5,1,0,0
13.54528,27,5,1,0,0
13.57914,27,5,1,0,0
13.61178,27,5,1,0,0
13.64192,27,5,1,0,0
13.67872,30,5,1,0,0
13.71342,30,5,1,0,0
13.7463,30,5,1,0,0
13.7797,30,5,1,0,0
13.81182,30,5,1,0,0
13.8423,30,5,1,0,0
13.87472,30,5,1,0,0
13.90267,30,5,1,0,0
13.93196,30,5,1,0,0
13.96174,30,5,1,0,0
13.99358,30,5,1,0,0
14.0258,30,5,1,0,0
14.05546,30,5,1,0,0
14.08821,30,5,1,0,0
14.11883,30,5,1,0,0
14.15028,30,5,1,0,0
14.18378,30,5,1,0,0
14.21665,30,5,1,0,0
14.24673,30,5,1,0,0
14.27573,30,5,1,0,0
14.30646,30,5,1,0,0
14.33538,30,5,1,0,0
14.36426,30,5,1,0,0
14.39607,30,5,1,0,0
14.42875,30,5,1,0,0
14.46553,30,5,1,0,0
14.49563,30,5,1,0,0
14.52577,30,5,1,0,0
14.55487,30,5,1,0,0
14.59111,30,5,1,0,0
14.62229,30,5,1,0,0
14.656,31,5,1,0,0
14.68417,31,5,1,0,0
14.72526,31,5,1,0,0
14.75676,31,5,1,0,0
14.7982,31,5,1,0,0
14.83092,31,5,1,0,0
14.86038,31,5,1,0,0
14.90485,31,5,1,0,0
14.93783,31,5,1,0,0
14.97438,31,5,1,0,0
15.02066,31,5,1,0,0
15.0594,31,5,1,0,0
15.09367,31,5,1,0,0
15.13442,31,5,1,0,0
15.16413,31,5,1,0,0
15.19764,31,5,1,0,0
15.22729,31,5,1,0,0
15.26012,31,5,1,0,0
15.29455,31,5,1,0,0
15.32633,31,5,1,0,0
15.35704,31,5,1,0,0
15.38877,31,5,1,0,0
15.42044,31,5,1,0,0
15.44829,31,5,1,0,0
15.4804,31,5,1,0,0
15.53166,31,5,1,0,0
15.56385,31,5,1,0,0
15.59759,31,5,1,0,0
15.6282,31,5,1,0,0
15.66485,29,5,1,0,0
15.69755,29,5,1,0,0
15.72664,29,5,1,0,0
15.7579,29,5,1,0,0
15.79088,29,5,1,0,0
15.81905,29,5,1,0,0
15.84864,29,5,1,0,0
15.88368,29,5,1,0,0
15.91456,29,5,1,0,0
15.94423,29,5,1,0,0
15.97951,29,5,1,0,0
16.01021,29,5,1,0,0
16.0381,29,5,1,0,0
16.06745,29,5,1,0,0
16.09821,29,5,1,0,0
16.12877,29,5,1,0,0
16.16224,29,5,1,0,0
16.19498,29,5,1,0,0
16.23151,29,5,1,0,0
16.26289,29,5,1,0,0
16.29509,29,5,1,0,0
16.32669,29,5,1,0,0
16.35649,29,5,1,0,0
16.38698,29,5,1,0,0
16.41879,29,5,1,0,0
16.44901,29,5,1,0,0
16.48169,29,5,1,0,0
16.52263,29,5,1,0,0
16.5526,29,5,1,0,0
16.5827,29,5,1,0,0
16.61418,29,5,1,0,0
16.6465,31,5,1,0,0
16.67639,31,5,1,0,0
16.7093,31,5,1,0,0
16.74466,31,5,1,0,0
16.77565,31,5,1,0,0
16.81156,31,5,1,0,0
16.84514,31,5,1,0,0
16.88124,31,5,1,0,0
16.91735,31,5,1,0,0
16.9467,31,5,1,0,0
16.9805,31,5,1,0,0
17.01473,31,5,1,0,0
17.04305,31,5,1,0,0
17.07331,31,5,1,0,0
17.10531,31,5,1,0,0
17.13712,31,5,1,0,0
17.16805,31,5,1,0,0
17.20346,31,5,1,0,0
17.23663,31,5,1,0,0
17.26747,31,5,1,0,0
17.30663,31,5,1,0,0
17.33628,31,5,1,0,0
17.37318,31,5,1,0,0
17.40545,31,5,1,0,0
17.43735,31,5,1,0,0
17.46741,31,5,1,0,0
17.49762,31,5,1,0,0
17.52826,31,5,1,0,0
17.57038,31,5,1,0,0
17.60315,31,5,1,0,0
17.64571,31,5,1,0,0
17.6775,31,5,1,0,0
17.70808,31,5,1,0,0
17.7394,31,5,1,0,0
17.77015,31,5,1,0,0
17.80322,31,5,1,0,0
17.836,31,5,1,0,0
17.86771,31,5,1,0,0
17.89982,31,5,1,0,0
17.9336,31,5,1,0,0
17.97516,31,5,1,0,0
18.01435,31,5,1,0,0
18.04849,31,5,1,0,0
18.07941,31,5,1,0,0
18.10739,31,5,1,0,0
18.13723,31,5,1,0,0
18.16891,31,5,1,0,0
18.20727,31,5,1,0,0
18.24559,31,5,1,0,0
18.27574,31,5,1,0,0
18.30703,31,5,1,0,0
18.33673,31,5,1,0,0
18.37797,31,5,1,0,0
18.40856,31,5,1,0,0
18.44178,31,5,1,0,0
18.47143,31,5,1,0,0
18.50209,31,5,1,0,0
18.5315,31,5,1,0,0
18.56651,31,5,1,0,0
18.60152,31,5,1,0,0
18.63493,31,5,1,0,0
18.66562,30,5,1,0,0
18.69685,30,5,1,0,0
18.72859,30,5,1,0,0
18.76409,30,5,1,0,0
18.79759,30,5,1,0,0
18.82742,30,5,1,0,0
18.86156,30,5,1,0,0
18.89379,30,5,1,0,0
18.92416,30,5,1,0,0
18.96558,30,5,1,0,0
19.00564,30,5,1,0,0
19.03576,30,5,1,0,0
19.06841,30,5,1,0,0
19.10027,30,5,1,0,0
19.13163,30,5,1,0,0
19.16286,30,5,1,0,0
19.19508,30,5,1,0,0
19.22754,30,5,1,0,0
19.25854,30,5,1,0,0
19.29274,30,5,1,0,0
19.32495,30,5,1,0,0
19.35763,30,5,1,0,0
19.39023,30,5,1,0,0
19.42743,30,5,1,0,0
19.45748,30,5,1,0,0
19.49216,30,5,1,0,0
19.52447,30,5,1,0,0
19.55916,30,5,1,0,0
19.59146,30,5,1,0,0
19.6256,30,5,1,0,0
19.65736,30,5,1,0,0
19.68736,30,5,1,0,0
19.72039,30,5,1,0,0
19.75096,30,5,1,0,0
19.78377,30,5,1,0,0
19.815,30,5,1,0,0
19.84676,30,5,1,0,0
19.87865,30,5,1,0,0
19.91317,30,5,1,0,0
19.94317,30,5,1,0,0
19.98577,30,5,1,0,0
20.02259,30,5,1,0,0
20.05705,30,5,1,0,0
20.08897,30,5,1,0,0
20.12263,30,5,1,0,0
20.15703,30,5,1,0,0
20.19047,30,5,1,0,0
20.22426,30,5,1,0,0
20.25821,30,5,1,1,0.03333334
20.28803,30,5,1,1,0.03333334
20.32358,30,5,1,1,0.03333334
20.35686,30,5,1,1,0.03333334
20.39155,30,5,1,1,0.03333334
20.4249,30,5,1,2,0.06666667
20.45622,30,5,1,2,0.06666667
20.48979,30,5,1,2,0.06666667
20.52229,30,5,1,2,0.06666667
20.55395,30,5,1,2,0.06666667
20.58262,30,5,1,3,0.1
20.61302,30,5,1,3,0.1
20.64829,30,5,1,3,0.1
20.68577,30,5,1,3,0.1
20.72293,30,5,1,3,0.1
20.7565,30,5,1,4,0.1333333
20.79214,30,5,1,4,0.1333333
20.82047,30,5,1,4,0.1333333
20.86542,30,5,1,4,0.1333333
20.9014,30,5,1,4,0.1333333
20.95827,30,5,1,5,0.1666667
20.98849,30,5,1,5,0.1666667
21.02621,30,5,1,5,0.1666667
21.06674,30,5,1,5,0.1666667
21.1075,30,5,1,5,0.1666667
21.14266,30,5,1,6,0.2
21.17484,30,5,1,6,0.2
21.20757,30,5,1,6,0.2
21.24073,30,5,1,6,0.2
21.27483,30,5,1,6,0.2
21.30682,30,5,1,7,0.2333333
21.34688,30,5,1,7,0.2333333
21.37909,30,5,1,7,0.2333333
21.42297,30,5,1,7,0.2333333
21.45175,30,5,1,7,0.2333333
21.48196,30,5,1,8,0.2666667
21.51771,30,5,1,8,0.2666667
21.55449,30,5,1,8,0.2666667
21.58653,30,5,1,8,0.2666667
21.62044,30,5,1,8,0.2666667
21.65741,28,5,1,9,0.3214286
21.68759,28,5,1,9,0.3214286
21.72241,28,5,1,9,0.3214286
21.75405,28,5,1,9,0.3214286
21.78537,28,5,1,9,0.3214286
21.81936,28,5,1,10,0.3571429
21.85304,28,5,1,10,0.3571429
21.88595,28,5,1,10,0.3571429
21.92352,28,5,1,10,0.3571429
21.95769,28,5,1,10,0.3571429
21.98743,28,5,1,11,0.3928571
22.02362,28,5,1,11,0.3928571
22.0563,28,5,1,11,0.3928571
22.09131,28,5,1,11,0.3928571
22.12342,28,5,1,11,0.3928571
22.15492,28,5,1,12,0.4285714
22.19111,28,5,1,12,0.4285714
22.22267,28,5,1,12,0.4285714
22.25487,28,5,1,12,0.4285714
22.28403,28,5,1,12,0.4285714
22.31533,28,5,1,13,0.4642857
22.3545,28,5,1,13,0.4642857
22.38431,28,5,1,13,0.4642857
22.41794,28,5,1,13,0.4642857
22.45468,28,5,1,13,0.4642857
22.49474,28,5,1,14,0.5
22.53086,28,5,1,14,0.5
22.56303,28,5,1,14,0.5
22.59562,28,5,1,14,0.5
22.62718,28,5,1,14,0.5
22.65894,30,5,1,15,0.5
22.69161,30,5,1,15,0.5
22.72528,30,5,1,15,0.5
22.75685,30,5,1,15,0.5
22.79189,30,5,1,15,0.5
22.82568,30,5,1,16,0.5333334
22.85915,30,5,1,16,0.5333334
22.89519,30,5,1,16,0.5333334
22.92943,30,5,1,16,0.5333334
22.9611,30,5,1,16,0.5333334
22.99214,30,5,1,17,0.5666667
23.0246,30,5,1,17,0.5666667
23.05488,30,5,1,17,0.5666667
23.08511,30,5,1,17,0.5666667
23.11852,30,5,1,17,0.5666667
23.14727,30,5,1,18,0.6
23.1919,30,5,1,18,0.6
23.22656,30,5,1,18,0.6
23.25979,30,5,1,18,0.6
23.29428,30,5,1,18,0.6
23.32996,30,5,1,19,0.6333333
23.36192,30,5,1,19,0.6333333
23.39496,30,5,1,19,0.6333333
23.42833,30,5,1,19,0.6333333
23.46454,30,5,1,19,0.6333333
23.49844,30,5,1,20,0.6666667
23.53085,30,5,1,20,0.6666667
23.57374,30,5,1,20,0.6666667
23.60592,30,5,1,20,0.6666667
23.64661,29,5,1,20,0.6896552
23.67736,29,5,1,21,0.7241379
23.72001,29,5,1,21,0.7241379
23.75263,29,5,1,21,0.7241379
23.78834,29,5,1,21,0.7241379
23.82114,29,5,1,21,0.7241379
23.85399,29,5,1,22,0.7586207
23.88709,29,5,1,22,0.7586207
23.9263,29,5,1,22,0.7586207
23.9594,29,5,1,22,0.7586207
23.99244,29,5,1,22,0.7586207
24.0375,29,5,1,23,0.7931035
24.07262,29,5,1,23,0.7931035
24.10374,29,5,1,23,0.7931035
24.14269,29,5,1,23,0.7931035
24.17448,29,5,1,23,0.7931035
24.21077,29,5,1,24,0.8275862
24.24472,29,5,1,24,0.8275862
24.279,29,5,1,24,0.8275862
24.31331,29,5,1,24,0.8275862
24.34514,29,5,1,24,0.8275862
24.37858,29,5,1,25,0.862069
24.4153,29,5,1,25,0.862069
24.44771,29,5,1,25,0.862069
24.47904,29,5,1,25,0.862069
24.51167,29,5,1,25,0.862069
24.54619,29,5,1,26,0.8965517
24.57791,29,5,1,26,0.8965517
24.60781,29,5,1,26,0.8965517
24.63864,29,5,1,26,0.8965517
24.67249,30,5,1,26,0.8666667
24.70747,30,5,1,27,0.9
24.74053,30,5,1,27,0.9
24.77242,30,5,1,27,0.9
24.81205,30,5,1,27,0.9
24.84495,30,5,1,27,0.9
24.87795,30,5,1,28,0.9333333
24.91212,30,5,1,28,0.9333333
24.94608,30,5,1,28,0.9333333
24.98413,30,5,1,28,0.9333333
25.01483,30,5,1,28,0.9333333
25.04991,30,5,1,29,0.9666666
25.08681,30,5,1,29,0.9666666
25.11788,30,5,1,29,0.9666666
25.15405,30,5,1,29,0.9666666
25.19032,30,5,1,29,0.9666666
25.22484,30,5,1,30,1
25.25802,30,5,1,30,1
25.29079,30,5,1,30,1
25.32583,30,5,1,30,1
25.35641,30,5,1,30,1
25.38651,30,5,1,31,1.033333
25.41716,30,5,1,31,1.033333
25.44937,30,5,1,31,1.033333
25.48721,30,5,1,31,1.033333
25.51898,30,5,1,31,1.033333
25.5535,30,5,1,32,1.066667
25.58684,30,5,1,32,1.066667
25.61941,30,5,1,32,1.066667
25.65185,29,5,1,32,1.103448
25.68639,29,5,1,32,1.103448
25.7196,29,5,1,33,1.137931
25.7533,29,5,1,33,1.137931
25.78571,29,5,1,33,1.137931
25.82183,29,5,1,33,1.137931
25.85329,29,5,1,33,1.137931
25.88514,29,5,1,34,1.172414
25.91749,29,5,1,34,1.172414
25.95092,29,5,1,34,1.172414
25.985,29,5,1,34,1.172414
26.02366,29,5,1,34,1.172414
26.05638,29,5,1,35,1.206897
26.09295,29,5,1,35,1.206897
26.12632,29,5,1,35,1.206897
26.15937,29,5,1,35,1.206897
26.19453,29,5,1,35,1.206897
26.23338,29,5,1,36,1.241379
26.26514,29,5,1,36,1.241379
26.29876,29,5,1,36,1.241379
26.33415,29,5,1,36,1.241379
26.36475,29,5,1,36,1.241379
26.39739,29,5,1,37,1.275862
26.43422,29,5,1,37,1.275862
26.47926,29,5,1,37,1.275862
26.53079,29,5,1,37,1.275862
26.56901,29,5,1,37,1.275862
26.60274,29,5,1,38,1.310345
26.63847,29,5,1,38,1.310345
26.67085,29,5,1,38,1.310345
26.70683,29,5,1,38,1.310345
26.73828,29,5,1,38,1.310345
26.77042,29,5,1,39,1.344828
26.80838,29,5,1,39,1.344828
26.8406,29,5,1,39,1.344828
26.87139,29,5,1,39,1.344828
26.90285,29,5,1,39,1.344828
26.9376,29,5,1,40,1.37931
26.9685,29,5,1,40,1.37931
27.00554,29,5,1,40,1.37931
27.03874,29,5,1,40,1.37931
27.07189,29,5,1,40,1.37931
27.10664,29,5,1,41,1.413793
27.13603,29,5,1,41,1.413793
27.17467,29,5,1,41,1.413793
27.21232,29,5,1,41,1.413793
27.24391,29,5,1,41,1.413793
27.27491,29,5,1,42,1.448276
27.30739,29,5,1,42,1.448276
27.33929,29,5,1,42,1.448276
27.37312,29,5,1,42,1.448276
27.40657,29,5,1,42,1.448276
27.44278,29,5,1,43,1.482759
27.47268,29,5,1,43,1.482759
27.50498,29,5,1,43,1.482759
27.54139,29,5,1,43,1.482759
27.57402,29,5,1,43,1.482759
27.60802,29,5,1,44,1.517241
27.64235,29,5,1,44,1.517241
27.67366,30,5,1,44,1.466667
27.70686,30,5,1,44,1.466667
27.74469,30,5,1,44,1.466667
27.78995,30,5,1,45,1.5
27.82464,30,5,1,45,1.5
27.85932,30,5,1,45,1.5
27.90376,30,5,1,45,1.5
27.93858,30,5,1,45,1.5
27.97206,30,5,1,46,1.533333
28.00322,30,5,1,46,1.533333
28.0365,30,5,1,46,1.533333
28.07013,30,5,1,46,1.533333
28.1003,30,5,1,46,1.533333
28.13179,30,5,1,47,1.566667
28.16517,30,5,1,47,1.566667
28.20113,30,5,1,47,1.566667
28.23171,30,5,1,47,1.566667
28.26566,30,5,1,47,1.566667
28.29868,30,5,1,48,1.6
28.33871,30,5,1,48,1.6
28.37358,30,5,1,48,1.6
28.40524,30,5,1,48,1.6
28.43806,30,5,1,48,1.6
28.47319,30,5,1,49,1.633333
28.50645,30,5,1,49,1.633333
28.54367,30,5,1,49,1.633333
28.5856,30,5,1,49,1.633333
28.61711,30,5,1,49,1.633333
28.65066,28,5,1,50,1.785714
28.73427,28,5,1,50,1.785714
28.77174,28,5,1,50,1.785714
28.80851,28,5,1,50,1.785714
28.84158,28,5,1,50,1.785714
28.87818,28,5,1,51,1.821429
28.90937,28,5,1,51,1.821429
28.94715,28,5,1,51,1.821429
28.98602,28,5,1,51,1.821429
29.01743,28,5,1,51,1.821429
29.05501,28,5,1,52,1.857143
29.08934,28,5,1,52,1.857143
29.12086,28,5,1,52,1.857143
29.16721,28,5,1,52,1.857143
29.20578,28,5,1,52,1.857143
29.24046,28,5,1,53,1.892857
29.27518,28,5,1,53,1.892857
29.31168,28,5,1,53,1.892857
29.34385,28,5,1,53,1.892857
29.38213,28,5,1,53,1.892857
29.42157,28,5,1,54,1.928571
29.45493,28,5,1,54,1.928571
29.49118,28,5,1,54,1.928571
29.52422,28,5,1,54,1.928571
29.55632,28,5,1,54,1.928571
29.58904,28,5,1,55,1.964286
29.62218,28,5,1,55,1.964286
29.65324,27,5,1,55,2.037037
29.68849,27,5,1,55,2.037037
29.72711,27,5,1,55,2.037037
29.75976,27,5,1,56,2.074074
29.79279,27,5,1,56,2.074074
29.82967,27,5,1,56,2.074074
29.86041,27,5,1,56,2.074074
29.8917,27,5,1,56,2.074074
29.92497,27,5,1,57,2.111111
29.95741,27,5,1,57,2.111111
29.99433,27,5,1,57,2.111111
30.03287,27,5,1,57,2.111111
30.07171,27,5,1,57,2.111111
30.10604,27,5,1,58,2.148148
30.15244,27,5,1,58,2.148148
30.19035,27,5,1,58,2.148148
30.22807,27,5,1,58,2.148148
30.26883,27,5,1,58,2.148148
30.32686,27,5,1,59,2.185185
30.35606,27,5,1,59,2.185185
30.39903,27,5,1,59,2.185185
30.43434,27,5,1,59,2.185185
30.46914,27,5,1,59,2.185185
30.50279,27,5,1,60,2.222222
30.53385,27,5,1,60,2.222222
30.56841,27,5,1,60,2.222222
30.60761,27,5,1,60,2.222222
30.64247,27,5,1,60,2.222222
30.68058,28,5,1,61,2.178571
30.71979,28,5,1,61,2.178571
30.75447,28,5,1,61,2.178571
30.78924,28,5,1,61,2.178571
30.82398,28,5,1,61,2.178571
30.85767,28,5,1,62,2.214286
30.89338,28,5,1,62,2.214286
30.92686,28,5,1,62,2.214286
30.96226,28,5,1,62,2.214286
30.99597,28,5,1,62,2.214286
31.03108,28,5,1,63,2.25
31.06393,28,5,1,63,2.25
31.10003,28,5,1,63,2.25
31.13631,28,5,1,63,2.25
31.17248,28,5,1,63,2.25
31.21207,28,5,1,64,2.285714
31.24673,28,5,1,64,2.285714
31.28822,28,5,1,64,2.285714
31.32238,28,5,1,64,2.285714
31.36244,28,5,1,64,2.285714
31.39648,28,5,1,65,2.321429
31.42869,28,5,1,65,2.321429
31.46105,28,5,1,65,2.321429
31.49302,28,5,1,65,2.321429
31.52456,28,5,1,65,2.321429
31.55994,28,5,1,66,2.357143
31.60395,28,5,1,66,2.357143
31.65391,27,5,1,66,2.444444
31.69423,27,5,1,66,2.444444
31.74053,27,5,1,66,2.444444
31.78782,27,5,1,67,2.481482
31.83032,27,5,1,67,2.481482
31.87841,27,5,1,67,2.481482
31.92235,27,5,1,67,2.481482
31.95599,27,5,1,67,2.481482
31.99095,27,5,1,68,2.518518
32.02489,27,5,1,68,2.518518
32.05775,27,5,1,68,2.518518
32.0913,27,5,1,68,2.518518
32.12553,27,5,1,68,2.518518
32.15425,27,5,1,69,2.555556
32.18956,27,5,1,69,2.555556
32.22543,27,5,1,69,2.555556
32.25794,27,5,1,69,2.555556
32.29342,27,5,1,69,2.555556
32.36979,27,5,1,70,2.592592
32.40326,27,5,1,70,2.592592
32.43549,27,5,1,70,2.592592
32.47263,27,5,1,70,2.592592
32.50682,27,5,1,70,2.592592
32.54335,27,5,1,71,2.62963
32.58419,27,5,1,71,2.62963
32.63078,27,5,1,71,2.62963
32.66798,26,5,1,71,2.730769
32.70036,26,5,1,71,2.730769
32.73563,26,5,1,72,2.769231
32.76956,26,5,1,72,2.769231
32.80389,26,5,1,72,2.769231
32.83765,26,5,1,72,2.769231
32.87236,26,5,1,72,2.769231
32.91516,26,5,1,73,2.807692
32.95647,26,5,1,73,2.807692
32.99955,26,5,1,73,2.807692
33.03893,26,5,1,73,2.807692
33.07315,26,5,1,73,2.807692
33.10515,26,5,1,74,2.846154
33.14576,26,5,1,74,2.846154
33.17882,26,5,1,74,2.846154
33.21453,26,5,1,74,2.846154
33.25426,26,5,1,74,2.846154
33.28916,26,5,1,75,2.884615
33.32162,26,5,1,75,2.884615
33.354,26,5,1,75,2.884615
33.38847,26,5,1,75,2.884615
33.42112,26,5,1,75,2.884615
33.47365,26,5,1,76,2.923077
33.52017,26,5,1,76,2.923077
33.56736,26,5,1,76,2.923077
33.61756,26,5,1,76,2.923077
33.66522,26,5,1,76,2.923077
33.70919,26,5,1,77,2.961539
33.75142,26,5,1,77,2.961539
33.79717,26,5,1,77,2.961539
33.84159,26,5,1,77,2.961539
33.89201,26,5,1,77,2.961539
33.93783,26,5,1,78,3
33.99197,26,5,1,78,3
34.0403,26,5,1,78,3
34.10113,26,5,1,78,3
34.15035,26,5,1,78,3
34.19876,26,5,1,79,3.038461
34.24511,26,5,1,79,3.038461
34.29874,26,5,1,79,3.038461
34.35833,26,5,1,79,3.038461
34.40267,26,5,1,79,3.038461
34.44991,26,5,1,80,3.076923
34.48534,26,5,1,80,3.076923
34.51608,26,5,1,80,3.076923
34.54987,26,5,1,80,3.076923
34.58271,26,5,1,80,3.076923
34.61945,26,5,1,81,3.115385
34.65462,22,5,1,81,3.681818
34.68863,22,5,1,81,3.681818
34.72191,22,5,1,81,3.681818
34.75795,22,5,1,81,3.681818
34.79084,22,5,1,82,3.727273
34.82545,22,5,1,82,3.727273
34.87214,22,5,1,82,3.727273
34.90713,22,5,1,82,3.727273
34.94136,22,5,1,82,3.727273
34.97798,22,5,1,83,3.772727
35.01341,22,5,1,83,3.772727
35.05144,22,5,1,83,3.772727
35.08605,22,5,1,83,3.772727
35.12238,22,5,1,83,3.772727
35.15303,22,5,1,84,3.818182
35.19062,22,5,1,84,3.818182
35.22913,22,5,1,84,3.818182
35.26403,22,5,1,84,3.818182
35.2985,22,5,1,84,3.818182
35.33619,22,5,1,85,3.863636
35.37033,22,5,1,85,3.863636
35.4045,22,5,1,85,3.863636
35.4441,22,5,1,85,3.863636
35.48704,22,5,1,85,3.863636
35.52126,22,5,1,86,3.909091
35.55741,22,5,1,86,3.909091
35.59004,22,5,1,86,3.909091
35.62314,22,5,1,86,3.909091
35.6578,28,5,1,86,3.071429
35.696,28,5,1,87,3.107143
35.73139,28,5,1,87,3.107143
35.76524,28,5,1,87,3.107143
35.79987,28,5,1,87,3.107143
35.83797,28,5,1,87,3.107143
35.87004,28,5,1,88,3.142857
35.90218,28,5,1,88,3.142857
35.94087,28,5,1,88,3.142857
35.97932,28,5,1,88,3.142857
36.01312,28,5,1,88,3.142857
36.05389,28,5,1,89,3.178571
36.08807,28,5,1,89,3.178571
36.12281,28,5,1,89,3.178571
36.1567,28,5,1,89,3.178571
36.19508,28,5,1,89,3.178571
36.23193,28,5,1,90,3.214286
36.26665,28,5,1,90,3.214286
36.30399,28,5,1,90,3.214286
36.33879,28,5,1,90,3.214286
36.37287,28,5,1,90,3.214286
36.40514,28,5,1,91,3.25
36.44119,28,5,1,91,3.25
36.47559,28,5,1,91,3.25
36.5132,28,5,1,91,3.25
36.5479,28,5,1,91,3.25
36.58189,28,5,1,92,3.285714
36.61727,28,5,1,92,3.285714
36.65234,28,5,1,92,3.285714
36.68979,28,5,1,92,3.285714
36.72314,28,5,1,92,3.285714
36.75801,28,5,1,93,3.321429
36.79204,28,5,1,93,3.321429
36.82647,28,5,1,93,3.321429
36.86158,28,5,1,93,3.321429
36.90673,28,5,1,93,3.321429
36.95232,28,5,1,94,3.357143
36.98577,28,5,1,94,3.357143
37.02043,28,5,1,94,3.357143
37.05684,28,5,1,94,3.357143
37.09121,28,5,1,94,3.357143
37.12455,28,5,1,95,3.392857
37.16651,28,5,1,95,3.392857
37.19906,28,5,1,95,3.392857
37.23339,28,5,1,95,3.392857
37.26988,28,5,1,95,3.392857
37.30363,28,5,1,96,3.428571
37.33892,28,5,1,96,3.428571
37.37319,28,5,1,96,3.428571
37.41486,28,5,1,96,3.428571
37.44736,28,5,1,96,3.428571
37.48373,28,5,1,97,3.464286
37.51994,28,5,1,97,3.464286
37.55465,28,5,1,97,3.464286
37.58764,28,5,1,97,3.464286
37.62386,28,5,1,97,3.464286
37.66103,28,5,1,98,3.5
37.69843,28,5,1,98,3.5
37.73708,28,5,1,98,3.5
37.77776,28,5,1,98,3.5
37.81835,28,5,1,98,3.5
37.85323,28,5,1,99,3.535714
37.88965,28,5,1,99,3.535714
37.92162,28,5,1,99,3.535714
37.95774,28,5,1,99,3.535714
37.99154,28,5,1,99,3.535714
38.02628,28,5,1,100,3.571429
38.0591,28,5,1,100,3.571429
38.09222,28,5,1,100,3.571429
38.12916,28,5,1,100,3.571429
38.17386,28,5,1,100,3.571429
38.21428,28,5,1,101,3.607143
38.24886,28,5,1,101,3.607143
38.28391,28,5,1,101,3.607143
38.31889,28,5,1,101,3.607143
38.35517,28,5,1,101,3.607143
38.38679,28,5,1,102,3.642857
38.41879,28,5,1,102,3.642857
38.47269,28,5,1,102,3.642857
38.50758,28,5,1,102,3.642857
38.54477,28,5,1,102,3.642857
38.58478,28,5,1,103,3.678571
38.62758,28,5,1,103,3.678571
38.66431,27,5,1,103,3.814815
38.69836,27,5,1,103,3.814815
38.73686,27,5,1,103,3.814815
38.77197,27,5,1,104,3.851852
38.80605,27,5,1,104,3.851852
38.84156,27,5,1,104,3.851852
38.88593,27,5,1,104,3.851852
38.91957,27,5,1,104,3.851852
38.95268,27,5,1,105,3.888889
38.98885,27,5,1,105,3.888889
39.02203,27,5,1,105,3.888889
39.05609,27,5,1,105,3.888889
39.09459,27,5,1,105,3.888889
39.13196,27,5,1,106,3.925926
39.16851,27,5,1,106,3.925926
39.20427,27,5,1,106,3.925926
39.24285,27,5,1,106,3.925926
39.282,27,5,1,106,3.925926
39.31546,27,5,1,107,3.962963
39.34864,27,5,1,107,3.962963
39.38197,27,5,1,107,3.962963
39.41891,27,5,1,107,3.962963
39.45406,27,5,1,107,3.962963
39.48655,27,5,1,108,4
39.52136,27,5,1,108,4
39.55643,27,5,1,108,4
39.59559,27,5,1,108,4
39.63231,27,5,1,108,4
39.66645,28,5,1,109,3.892857
39.70299,28,5,1,109,3.892857
39.73697,28,5,1,109,3.892857
39.77155,28,5,1,109,3.892857
39.80439,28,5,1,109,3.892857
39.83981,28,5,1,110,3.928571
39.87317,28,5,1,110,3.928571
39.90662,28,5,1,110,3.928571
39.94116,28,5,1,110,3.928571
39.97589,28,5,1,110,3.928571
40.00766,28,5,1,111,3.964286
40.0516,28,5,1,111,3.964286
40.09126,28,5,1,111,3.964286
40.13445,28,5,1,111,3.964286
40.17405,28,5,1,111,3.964286
40.21805,28,5,1,112,4
40.252,28,5,1,112,4
40.2937,28,5,1,112,4
40.33982,28,5,1,112,4
40.38259,28,5,1,112,4
40.42185,28,5,1,113,4.035714
40.4598,28,5,1,113,4.035714
40.50092,28,5,1,113,4.035714
40.53957,28,5,1,113,4.035714
40.5797,28,5,1,113,4.035714
40.61941,28,5,1,114,4.071429
40.65527,26,5,1,114,4.384615
40.69236,26,5,1,114,4.384615
40.73171,26,5,1,114,4.384615
40.76942,26,5,1,114,4.384615
40.81197,26,5,1,115,4.423077
40.8506,26,5,1,115,4.423077
40.88864,26,5,1,115,4.423077
40.92554,26,5,1,115,4.423077
40.96509,26,5,1,115,4.423077
40.99888,26,5,1,116,4.461538
41.03272,26,5,1,116,4.461538
41.06612,26,5,1,116,4.461538
41.10286,26,5,1,116,4.461538
41.13798,26,5,1,116,4.461538
41.16958,26,5,1,117,4.5
41.20423,26,5,1,117,4.5
41.24085,26,5,1,117,4.5
41.28681,26,5,1,117,4.5
41.32189,26,5,1,117,4.5
41.35801,26,5,1,118,4.538462
41.39494,26,5,1,118,4.538462
41.43929,26,5,1,118,4.538462
41.47472,26,5,1,118,4.538462
41.51232,26,5,1,118,4.538462
41.54903,26,5,1,119,4.576923
41.58379,26,5,1,119,4.576923
41.61643,26,5,1,119,4.576923
41.65517,27,5,1,119,4.407407
41.6877,27,5,1,119,4.407407
41.7201,27,5,1,120,4.444445
41.75473,27,5,1,120,4.444445
41.79945,27,5,1,120,4.444445
41.83566,27,5,1,120,4.444445
41.8738,27,5,1,120,4.444445
41.91385,27,5,1,121,4.481482
41.95265,27,5,1,121,4.481482
41.98943,27,5,1,121,4.481482
42.02477,27,5,1,121,4.481482
42.06589,27,5,1,121,4.481482
42.10061,27,5,1,122,4.518518
42.13543,27,5,1,122,4.518518
42.17221,27,5,1,122,4.518518
42.20712,27,5,1,122,4.518518
42.24647,27,5,1,122,4.518518
42.2833,27,5,1,123,4.555555
42.32365,27,5,1,123,4.555555
42.37481,27,5,1,123,4.555555
42.42722,27,5,1,123,4.555555
42.48671,27,5,1,123,4.555555
42.55225,27,5,1,124,4.592593
42.60633,27,5,1,124,4.592593
42.66014,24,5,1,124,5.166667
42.71797,24,5,1,124,5.166667
42.75331,24,5,1,124,5.166667
42.78799,24,5,1,125,5.208333
42.82092,24,5,1,125,5.208333
42.86535,24,5,1,125,5.208333
42.90212,24,5,1,125,5.208333
42.93626,24,5,1,125,5.208333
42.97132,24,5,1,126,5.25
43.01778,24,5,1,126,5.25
43.05542,24,5,1,126,5.25
43.09176,24,5,1,126,5.25
43.13146,24,5,1,126,5.25
43.16694,24,5,1,127,5.291667
43.20836,24,5,1,127,5.291667
43.24777,24,5,1,127,5.291667
43.2841,24,5,1,127,5.291667
43.32261,24,5,1,127,5.291667
43.36224,24,5,1,128,5.333333
43.397,24,5,1,128,5.333333
43.43354,24,5,1,128,5.333333
43.46929,24,5,1,128,5.333333
43.50402,24,5,1,128,5.333333
43.53921,24,5,1,129,5.375
43.57537,24,5,1,129,5.375
43.62596,24,5,1,129,5.375
43.66314,26,5,1,129,4.961538
43.69953,26,5,1,129,4.961538
43.73238,26,5,1,130,5
43.76723,26,5,1,130,5
43.80486,26,5,1,130,5
43.84182,26,5,1,130,5
43.88099,26,5,1,130,5
43.9161,26,5,1,131,5.038462
43.95267,26,5,1,131,5.038462
43.99085,26,5,1,131,5.038462
44.0251,26,5,1,131,5.038462
44.06089,26,5,1,131,5.038462
44.14569,26,5,1,132,5.076923
44.22197,26,5,1,132,5.076923
44.2884,26,5,1,132,5.076923
44.35642,26,5,1,132,5.076923
44.42913,26,5,1,132,5.076923
44.4993,26,5,1,133,5.115385
44.58047,26,5,1,133,5.115385
44.66384,19,5,1,133,7
44.72949,19,5,1,133,7
44.80527,19,5,1,133,7
44.87317,19,5,1,134,7.052631
44.94041,19,5,1,134,7.052631
45.0288,19,5,1,134,7.052631
45.12815,19,5,1,134,7.052631
45.21185,19,5,1,134,7.052631
45.27985,19,5,1,135,7.105263
45.35273,19,5,1,135,7.105263
45.43067,19,5,1,135,7.105263
45.49847,19,5,1,135,7.105263
45.58294,19,5,1,135,7.105263
45.66383,13,5,1,136,10.46154
45.72831,13,5,1,136,10.46154
45.78485,13,5,1,136,10.46154
45.86182,13,5,1,136,10.46154
45.92735,13,5,1,136,10.46154
45.98425,13,5,1,137,10.53846
46.05046,13,5,1,137,10.53846
46.13109,13,5,1,137,10.53846
46.18819,13,5,1,137,10.53846
46.25132,13,5,1,137,10.53846
46.30858,13,5,1,138,10.61539
46.37057,13,5,1,138,10.61539
46.43224,13,5,1,138,10.61539
46.48419,13,5,1,138,10.61539
46.54373,13,5,1,138,10.61539
46.58432,13,5,1,139,10.69231
46.61943,13,5,1,139,10.69231
46.6525,17,5,1,139,8.176471
46.68789,17,5,1,139,8.176471
46.72284,17,5,1,139,8.176471
46.7562,17,5,1,140,8.235294
46.79315,17,5,1,140,8.235294
46.82674,17,5,1,140,8.235294
46.86195,17,5,1,140,8.235294
46.89771,17,5,1,140,8.235294
46.93214,17,5,1,141,8.294118
46.96722,17,5,1,141,8.294118
47.00125,17,5,1,141,8.294118
47.03448,17,5,1,141,8.294118
47.07948,17,5,1,141,8.294118
47.12939,17,5,1,142,8.352942
47.18357,17,5,1,142,8.352942
47.23554,17,5,1,142,8.352942
47.28805,17,5,1,142,8.352942
47.33868,17,5,1,142,8.352942
47.39283,17,5,1,143,8.411765
47.4524,17,5,1,143,8.411765
47.50445,17,5,1,143,8.411765
47.55879,17,5,1,143,8.411765
47.61366,17,5,1,143,8.411765
47.66492,23,5,1,144,6.26087
47.7196,23,5,1,144,6.26087
47.77122,23,5,1,144,6.26087
47.82548,23,5,1,144,6.26087
47.88216,23,5,1,144,6.26087
47.93407,23,5,1,145,6.304348
47.9954,23,5,1,145,6.304348
48.04662,23,5,1,145,6.304348
48.10297,23,5,1,145,6.304348
48.16542,23,5,1,145,6.304348
48.25496,23,5,1,146,6.347826
48.34682,23,5,1,146,6.347826
48.44019,23,5,1,146,6.347826
48.53378,23,5,1,146,6.347826
48.68201,14,5,1,146,10.42857
48.77309,14,5,1,147,10.5
48.86825,14,5,1,147,10.5
48.96097,14,5,1,147,10.5
49.05568,14,5,1,147,10.5
49.1483,14,5,1,147,10.5
49.24684,14,5,1,148,10.57143
49.3418,14,5,1,148,10.57143
49.43773,14,5,1,148,10.57143
49.53239,14,5,1,148,10.57143
49.62943,14,5,1,148,10.57143
49.72063,11,5,1,149,13.54545
49.81297,11,5,1,149,13.54545
49.85508,11,5,1,149,13.54545
49.89122,11,5,1,149,13.54545
49.92824,11,5,1,149,13.54545
49.96368,11,5,1,150,13.63636
49.99866,11,5,1,150,13.63636
50.03615,11,5,1,150,13.63636
50.07088,11,5,1,150,13.63636
50.10491,11,5,1,150,13.63636
50.13818,11,5,1,149,13.54545
50.17141,11,5,1,149,13.54545
50.20393,11,5,1,149,13.54545
50.23834,11,5,1,149,13.54545
50.27281,11,5,1,149,13.54545
50.31092,11,5,1,148,13.45455
50.34795,11,5,1,148,13.45455
50.3847,11,5,1,148,13.45455
50.4199,11,5,1,148,13.45455
50.45182,11,5,1,148,13.45455
50.48499,11,5,1,147,13.36364
50.51945,11,5,1,147,13.36364
50.55791,11,5,1,147,13.36364
50.59177,11,5,1,147,13.36364
50.63211,11,5,1,147,13.36364
50.66553,25,5,1,146,5.84
50.7017,25,5,1,146,5.84
50.74291,25,5,1,146,5.84
50.7873,25,5,1,146,5.84
50.82471,25,5,1,146,5.84
50.87078,25,5,1,145,5.8
50.90835,25,5,1,145,5.8
50.94421,25,5,1,145,5.8
50.97807,25,5,1,145,5.8
51.01662,25,5,1,145,5.8
51.05007,25,5,1,144,5.76
51.08767,25,5,1,144,5.76
51.1256,25,5,1,144,5.76
51.15747,25,5,1,144,5.76
51.19174,25,5,1,144,5.76
51.23026,25,5,1,143,5.72
51.275,25,5,1,143,5.72
51.31367,25,5,1,143,5.72
51.3518,25,5,1,143,5.72
51.38893,25,5,1,143,5.72
51.42573,25,5,1,142,5.68
51.46339,25,5,1,142,5.68
51.49707,25,5,1,142,5.68
51.5363,25,5,1,142,5.68
51.57024,25,5,1,142,5.68
51.61151,25,5,1,141,5.64
51.65025,26,5,1,141,5.423077
51.68327,26,5,1,141,5.423077
51.71844,26,5,1,141,5.423077
51.75149,26,5,1,141,5.423077
51.78724,26,5,1,140,5.384615
51.82146,26,5,1,140,5.384615
51.85628,26,5,1,140,5.384615
51.92409,26,5,1,140,5.384615
51.98697,26,5,1,140,5.384615
52.0498,26,5,1,139,5.346154
52.11497,26,5,1,139,5.346154
52.18307,26,5,1,139,5.346154
52.24509,26,5,1,139,5.346154
52.30404,26,5,1,139,5.346154
52.38192,26,5,1,138,5.307693
52.45054,26,5,1,138,5.307693
52.51531,26,5,1,138,5.307693
52.58251,26,5,1,138,5.307693
52.64759,18,5,1,138,7.666667
52.72017,18,5,1,137,7.611111
52.79083,18,5,1,137,7.611111
52.86831,18,5,1,137,7.611111
52.93521,18,5,1,137,7.611111
53.00342,18,5,1,137,7.611111
53.07832,18,5,1,136,7.555555
53.11397,18,5,1,136,7.555555
53.15106,18,5,1,136,7.555555
53.18792,18,5,1,136,7.555555
53.22712,18,5,1,136,7.555555
53.25875,18,5,1,135,7.5
53.29105,18,5,1,135,7.5
53.32512,18,5,1,135,7.5
53.35747,18,5,1,135,7.5
53.39186,18,5,1,135,7.5
53.42744,18,5,1,134,7.444445
53.46157,18,5,1,134,7.444445
53.49967,18,5,1,134,7.444445
53.53841,18,5,1,134,7.444445
53.59912,18,5,1,134,7.444445
53.63416,18,5,1,133,7.388889
53.67404,22,5,1,133,6.045455
53.70777,22,5,1,133,6.045455
53.74523,22,5,1,133,6.045455
53.77928,22,5,1,133,6.045455
53.81496,22,5,1,132,6
53.85238,22,5,1,132,6
53.89221,22,5,1,132,6
53.92822,22,5,1,132,6
53.96621,22,5,1,132,6
54.00103,22,5,1,131,5.954545
54.0373,22,5,1,131,5.954545
54.07433,22,5,1,131,5.954545
54.11331,22,5,1,131,5.954545
54.15043,22,5,1,131,5.954545
54.18437,22,5,1,130,5.909091
54.22362,22,5,1,130,5.909091
54.25824,22,5,1,130,5.909091
54.29294,22,5,1,130,5.909091
54.3316,22,5,1,130,5.909091
54.36857,22,5,1,129,5.863636
54.40334,22,5,1,129,5.863636
54.4455,22,5,1,129,5.863636
54.4808,22,5,1,129,5.863636
54.51844,22,5,1,129,5.863636
54.55276,22,5,1,128,5.818182
54.59123,22,5,1,128,5.818182
54.62882,22,5,1,128,5.818182
54.66486,27,5,1,128,4.740741
54.71407,27,5,1,128,4.740741
54.7493,27,5,1,127,4.703704
54.78677,27,5,1,127,4.703704
54.82451,27,5,1,127,4.703704
54.86412,27,5,1,127,4.703704
54.8993,27,5,1,127,4.703704
54.933,27,5,1,126,4.666667
54.9706,27,5,1,126,4.666667
55.01754,27,5,1,126,4.666667
55.06572,27,5,1,126,4.666667
55.09781,27,5,1,126,4.666667
55.13902,27,5,1,125,4.62963
55.17295,27,5,1,125,4.62963
55.20777,27,5,1,125,4.62963
55.2416,27,5,1,125,4.62963
55.27455,27,5,1,125,4.62963
55.30789,27,5,1,124,4.592593
55.34192,27,5,1,124,4.592593
55.40482,27,5,1,124,4.592593
55.47242,27,5,1,124,4.592593
55.54211,27,5,1,124,4.592593
55.60536,27,5,1,123,4.555555
55.66874,23,5,1,123,5.347826
55.735,23,5,1,123,5.347826
55.79745,23,5,1,123,5.347826
55.86219,23,5,1,123,5.347826
55.92931,23,5,1,122,5.304348
55.99101,23,5,1,122,5.304348
56.04261,23,5,1,122,5.304348
56.09655,23,5,1,122,5.304348
56.14733,23,5,1,122,5.304348
56.20381,23,5,1,121,5.26087
56.25444,23,5,1,121,5.26087
56.31371,23,5,1,121,5.26087
56.36542,23,5,1,121,5.26087
56.42889,23,5,1,121,5.26087
56.49459,23,5,1,120,5.217391
56.52688,23,5,1,120,5.217391
56.5627,23,5,1,120,5.217391
56.59863,23,5,1,120,5.217391
56.6306,23,5,1,120,5.217391
56.66769,19,5,1,119,6.263158
56.70298,19,5,1,119,6.263158
56.73661,19,5,1,119,6.263158
56.76915,19,5,1,119,6.263158
56.81206,19,5,1,119,6.263158
56.85015,19,5,1,118,6.210526
56.88741,19,5,1,118,6.210526
56.92935,19,5,1,118,6.210526
56.96952,19,5,1,118,6.210526
57.00554,19,5,1,118,6.210526
57.04478,19,5,1,117,6.157895
57.08348,19,5,1,117,6.157895
57.11819,19,5,1,117,6.157895
57.1514,19,5,1,117,6.157895
57.18397,19,5,1,117,6.157895
57.2237,19,5,1,116,6.105263
57.25797,19,5,1,116,6.105263
57.28921,19,5,1,116,6.105263
57.32302,19,5,1,116,6.105263
57.3549,19,5,1,116,6.105263
57.38876,19,5,1,115,6.052631
57.42597,19,5,1,115,6.052631
57.46422,19,5,1,115,6.052631
57.49838,19,5,1,115,6.052631
57.53119,19,5,1,115,6.052631
57.57248,19,5,1,114,6
57.62077,19,5,1,114,6
57.6681,27,5,1,114,4.222222
57.71474,27,5,1,114,4.222222
57.75918,27,5,1,114,4.222222
57.80556,27,5,1,113,4.185185
57.88433,27,5,1,113,4.185185
57.91666,27,5,1,113,4.185185
57.94889,27,5,1,113,4.185185
57.98388,27,5,1,113,4.185185
58.01991,27,5,1,112,4.148148
58.05314,27,5,1,112,4.148148
58.09168,27,5,1,112,4.148148
58.17633,27,5,1,112,4.148148
58.2596,27,5,1,112,4.148148
58.34518,27,5,1,111,4.111111
58.43195,27,5,1,111,4.111111
58.52472,27,5,1,111,4.111111
58.61736,27,5,1,111,4.111111
58.70054,17,5,1,111,6.529412
58.79282,17,5,1,110,6.470588
58.88431,17,5,1,110,6.470588
58.96777,17,5,1,110,6.470588
59.0593,17,5,1,110,6.470588
59.14871,17,5,1,110,6.470588
59.23111,17,5,1,109,6.411765
59.31468,17,5,1,109,6.411765
59.40107,17,5,1,109,6.411765
59.48241,17,5,1,109,6.411765
59.57014,17,5,1,109,6.411765
59.66146,11,5,1,108,9.818182
59.74387,11,5,1,108,9.818182
59.82305,11,5,1,108,9.818182
59.9003,11,5,1,108,9.818182
59.97757,11,5,1,108,9.818182
60.05737,11,5,1,107,9.727273
60.13884,11,5,1,107,9.727273
60.2217,11,5,1,107,9.727273
60.3017,11,5,1,107,9.727273
60.33474,11,5,1,107,9.727273
60.37026,11,5,1,106,9.636364
60.40337,11,5,1,106,9.636364
60.43679,11,5,1,106,9.636364
60.47846,11,5,1,106,9.636364
60.51467,11,5,1,106,9.636364
60.54591,11,5,1,105,9.545455
60.57807,11,5,1,105,9.545455
60.61672,11,5,1,105,9.545455
60.65313,18,5,1,105,5.833333
60.68632,18,5,1,105,5.833333
60.729,18,5,1,104,5.777778
60.76314,18,5,1,104,5.777778
60.79689,18,5,1,104,5.777778
60.83215,18,5,1,104,5.777778
60.86677,18,5,1,104,5.777778
60.90726,18,5,1,103,5.722222
60.94592,18,5,1,103,5.722222
60.98059,18,5,1,103,5.722222
61.01157,18,5,1,103,5.722222
61.04353,18,5,1,103,5.722222
61.07774,18,5,1,102,5.666667
61.11298,18,5,1,102,5.666667
61.14732,18,5,1,102,5.666667
61.18258,18,5,1,102,5.666667
61.21765,18,5,1,102,5.666667
61.27902,18,5,1,101,5.611111
61.32336,18,5,1,101,5.611111
61.36198,18,5,1,101,5.611111
61.40059,18,5,1,101,5.611111
61.4394,18,5,1,101,5.611111
61.47192,18,5,1,100,5.555555
61.50221,18,5,1,100,5.555555
61.53994,18,5,1,100,5.555555
61.5777,18,5,1,100,5.555555
61.63987,18,5,1,100,5.555555
61.70288,27,5,1,101,3.740741
61.76783,27,5,1,101,3.740741
61.82657,27,5,1,101,3.740741
61.88984,27,5,1,101,3.740741
61.95107,27,5,1,101,3.740741
62.01103,27,5,1,102,3.777778
62.082,27,5,1,102,3.777778
62.14132,27,5,1,102,3.777778
62.20213,27,5,1,102,3.777778
62.26018,27,5,1,102,3.777778
62.31795,27,5,1,103,3.814815
62.37939,27,5,1,103,3.814815
62.4374,27,5,1,103,3.814815
62.50092,27,5,1,103,3.814815
62.56321,27,5,1,103,3.814815
62.59958,27,5,1,104,3.851852
62.63961,27,5,1,104,3.851852
62.67294,17,5,1,104,6.117647
62.70737,17,5,1,104,6.117647
62.74242,17,5,1,104,6.117647
62.77886,17,5,1,105,6.176471
62.81379,17,5,1,105,6.176471
62.85475,17,5,1,105,6.176471
62.89294,17,5,1,105,6.176471
62.92799,17,5,1,105,6.176471
62.96333,17,5,1,106,6.235294
63.00136,17,5,1,106,6.235294
63.03844,17,5,1,106,6.235294
63.0721,17,5,1,106,6.235294
63.109,17,5,1,106,6.235294
63.1456,17,5,1,107,6.294117
63.18156,17,5,1,107,6.294117
63.21918,17,5,1,107,6.294117
63.26049,17,5,1,107,6.294117
63.29721,17,5,1,107,6.294117
63.34382,17,5,1,108,6.352941
63.38181,17,5,1,108,6.352941
63.42601,17,5,1,108,6.352941
63.46105,17,5,1,108,6.352941
63.49907,17,5,1,108,6.352941
63.53389,17,5,1,109,6.411765
63.57149,17,5,1,109,6.411765
63.60598,17,5,1,109,6.411765
63.6417,17,5,1,109,6.411765
63.67688,27,5,1,109,4.037037
63.71175,27,5,1,110,4.074074
63.74732,27,5,1,110,4.074074
63.78215,27,5,1,110,4.074074
63.81834,27,5,1,110,4.074074
63.85126,27,5,1,110,4.074074
63.88577,27,5,1,111,4.111111
63.91951,27,5,1,111,4.111111
63.95499,27,5,1,111,4.111111
63.99171,27,5,1,111,4.111111
64.03145,27,5,1,111,4.111111
64.06934,27,5,1,112,4.148148
64.10088,27,5,1,112,4.148148
64.13824,27,5,1,112,4.148148
64.17326,27,5,1,112,4.148148
64.20755,27,5,1,112,4.148148
64.24303,27,5,1,113,4.185185
64.27757,27,5,1,113,4.185185
64.31462,27,5,1,113,4.185185
64.34611,27,5,1,113,4.185185
64.37868,27,5,1,113,4.185185
64.41197,27,5,1,114,4.222222
64.44676,27,5,1,114,4.222222
64.47939,27,5,1,114,4.222222
64.5116,27,5,1,114,4.222222
64.54652,27,5,1,114,4.222222
64.57966,27,5,1,115,4.259259
64.61182,27,5,1,115,4.259259
64.64944,28,5,1,115,4.107143
64.68456,28,5,1,115,4.107143
64.72195,28,5,1,115,4.107143
64.76185,28,5,1,116,4.142857
64.79501,28,5,1,116,4.142857
64.83166,28,5,1,116,4.142857
64.86781,28,5,1,116,4.142857
64.90626,28,5,1,116,4.142857
64.94232,28,5,1,117,4.178571
64.97836,28,5,1,117,4.178571
65.02245,28,5,1,117,4.178571
65.05631,28,5,1,117,4.178571
65.09691,28,5,1,117,4.178571
65.1334,28,5,1,118,4.214286
65.16682,28,5,1,118,4.214286
65.20333,28,5,1,118,4.214286
65.24828,28,5,1,118,4.214286
65.28788,28,5,1,118,4.214286
65.32552,28,5,1,119,4.25
65.36489,28,5,1,119,4.25
65.4035,28,5,1,119,4.25
65.44295,28,5,1,119,4.25
65.48286,28,5,1,119,4.25
65.52232,28,5,1,120,4.285714
65.559,28,5,1,120,4.285714
65.59604,28,5,1,120,4.285714
65.6336,28,5,1,120,4.285714
65.6724,27,5,1,120,4.444445
65.70869,27,5,1,121,4.481482
65.74345,27,5,1,121,4.481482
65.78087,27,5,1,121,4.481482
65.82232,27,5,1,121,4.481482
65.87012,27,5,1,121,4.481482
65.91384,27,5,1,122,4.518518
65.95206,27,5,1,122,4.518518
65.9892,27,5,1,122,4.518518
66.02341,27,5,1,122,4.518518
66.05431,27,5,1,122,4.518518
66.09518,27,5,1,123,4.555555
66.12968,27,5,1,123,4.555555
66.16434,27,5,1,123,4.555555
66.19573,27,5,1,123,4.555555
66.22849,27,5,1,123,4.555555
66.26133,27,5,1,124,4.592593
66.29571,27,5,1,124,4.592593
66.32909,27,5,1,124,4.592593
66.36464,27,5,1,124,4.592593
66.40004,27,5,1,124,4.592593
66.43026,27,5,1,125,4.62963
66.46484,27,5,1,125,4.62963
66.49879,27,5,1,125,4.62963
66.53017,27,5,1,125,4.62963
66.5636,27,5,1,125,4.62963
66.61026,27,5,1,126,4.666667
66.65257,27,5,1,126,4.666667
66.68327,27,5,1,126,4.666667
66.71462,27,5,1,126,4.666667
66.74621,27,5,1,126,4.666667
66.77719,27,5,1,127,4.703704
66.811,27,5,1,127,4.703704
66.84351,27,5,1,127,4.703704
66.88084,27,5,1,127,4.703704
66.92728,27,5,1,127,4.703704
66.96684,27,5,1,128,4.740741
67.006,27,5,1,128,4.740741
67.04205,27,5,1,128,4.740741
67.08626,27,5,1,128,4.740741
67.12187,27,5,1,128,4.740741
67.15811,27,5,1,129,4.777778
67.19185,27,5,1,129,4.777778
67.2262,27,5,1,129,4.777778
67.26149,27,5,1,129,4.777778
67.30196,27,5,1,129,4.777778
67.33865,27,5,1,130,4.814815
67.37535,27,5,1,130,4.814815
67.41089,27,5,1,130,4.814815
67.44619,27,5,1,130,4.814815
67.48397,27,5,1,130,4.814815
67.52,27,5,1,131,4.851852
67.5544,27,5,1,131,4.851852
67.61417,27,5,1,131,4.851852
67.65884,27,5,1,131,4.851852
67.69064,27,5,1,131,4.851852
67.72687,27,5,1,132,4.888889
67.75818,27,5,1,132,4.888889
67.79195,27,5,1,132,4.888889
67.82463,27,5,1,132,4.888889
67.86082,27,5,1,132,4.888889
67.89584,27,5,1,133,4.925926
67.92677,27,5,1,133,4.925926
67.96314,27,5,1,133,4.925926
67.99799,27,5,1,133,4.925926
68.03127,27,5,1,133,4.925926
68.06676,27,5,1,134,4.962963
68.10668,27,5,1,134,4.962963
68.14003,27,5,1,134,4.962963
68.17464,27,5,1,134,4.962963
68.20918,27,5,1,134,4.962963
68.24274,27,5,1,135,5
68.27778,27,5,1,135,5
68.31078,27,5,1,135,5
68.34077,27,5,1,135,5
68.37419,27,5,1,135,5
68.41174,27,5,1,136,5.037037
68.44754,27,5,1,136,5.037037
68.48324,27,5,1,136,5.037037
68.5171,27,5,1,136,5.037037
68.55281,27,5,1,136,5.037037
68.59032,27,5,1,137,5.074074
68.62141,27,5,1,137,5.074074
68.66064,29,5,1,137,4.724138
68.69521,29,5,1,137,4.724138
68.72971,29,5,1,137,4.724138
68.76511,29,5,1,138,4.758621
68.80132,29,5,1,138,4.758621
68.83876,29,5,1,138,4.758621
68.87983,29,5,1,138,4.758621
68.91413,29,5,1,138,4.758621
68.94804,29,5,1,139,4.793103
68.98739,29,5,1,139,4.793103
69.03186,29,5,1,139,4.793103
69.06821,29,5,1,139,4.793103
69.10573,29,5,1,139,4.793103
69.1479,29,5,1,140,4.827586
69.18626,29,5,1,140,4.827586
69.22132,29,5,1,140,4.827586
69.25588,29,5,1,140,4.827586
69.29028,29,5,1,140,4.827586
69.32269,29,5,1,141,4.862069
69.35635,29,5,1,141,4.862069
69.39075,29,5,1,141,4.862069
69.42907,29,5,1,141,4.862069
69.46652,29,5,1,141,4.862069
69.50466,29,5,1,142,4.896552
69.54069,29,5,1,142,4.896552
69.57913,29,5,1,142,4.896552
69.61467,29,5,1,142,4.896552
69.65155,27,5,1,142,5.259259
69.68848,27,5,1,143,5.296296
69.73074,27,5,1,143,5.296296
69.76863,27,5,1,143,5.296296
69.80663,27,5,1,143,5.296296
69.84476,27,5,1,143,5.296296
69.88017,27,5,1,144,5.333333
69.91996,27,5,1,144,5.333333
69.95255,27,5,1,144,5.333333
69.98794,27,5,1,144,5.333333
70.02127,27,5,1,144,5.333333
70.05428,27,5,1,145,5.37037
70.09548,27,5,1,145,5.37037
70.13128,27,5,1,145,5.37037
70.1684,27,5,1,145,5.37037
70.20448,27,5,1,145,5.37037
70.23747,27,5,1,146,5.407407
70.27095,27,5,1,146,5.407407
70.3074,27,5,1,146,5.407407
70.34193,27,5,1,146,5.407407
70.37735,27,5,1,146,5.407407
70.40988,27,5,1,147,5.444445
70.44273,27,5,1,147,5.444445
70.47923,27,5,1,147,5.444445
70.51292,27,5,1,147,5.444445
70.54452,27,5,1,147,5.444445
70.57668,27,5,1,148,5.481482
70.61215,27,5,1,148,5.481482
70.64608,27,5,1,148,5.481482
70.68314,29,5,1,148,5.103448
70.71815,29,5,1,148,5.103448
70.75452,29,5,1,149,5.137931
70.78816,29,5,1,149,5.137931
70.82064,29,5,1,149,5.137931
70.85333,29,5,1,149,5.137931
70.88819,29,5,1,149,5.137931
70.92109,29,5,1,150,5.172414
70.95381,29,5,1,150,5.172414
70.98785,29,5,1,150,5.172414
71.0294,29,5,1,150,5.172414
71.0639,29,5,1,150,5.172414
71.09638,29,5,1,151,5.206897
71.131,29,5,1,151,5.206897
71.16965,29,5,1,151,5.206897
71.20213,29,5,1,151,5.206897
71.24342,29,5,1,151,5.206897
71.28008,29,5,1,152,5.241379
71.31539,29,5,1,152,5.241379
71.35412,29,5,1,152,5.241379
71.38702,29,5,1,152,5.241379
71.42393,29,5,1,152,5.241379
71.45741,29,5,1,153,5.275862
71.50339,29,5,1,153,5.275862
71.53796,29,5,1,153,5.275862
71.57105,29,5,1,153,5.275862
71.60459,29,5,1,153,5.275862
71.63647,29,5,1,154,5.310345
71.67164,28,5,1,154,5.5
71.71908,28,5,1,154,5.5
71.75967,28,5,1,154,5.5
71.80632,28,5,1,154,5.5
71.8456,28,5,1,155,5.535714
71.88469,28,5,1,155,5.535714
71.9267,28,5,1,155,5.535714
71.96519,28,5,1,155,5.535714
72.00805,28,5,1,155,5.535714
72.04736,28,5,1,156,5.571429
72.09629,28,5,1,156,5.571429
72.14069,28,5,1,156,5.571429
72.18284,28,5,1,156,5.571429
72.2253,28,5,1,156,5.571429
72.26287,28,5,1,157,5.607143
72.31029,28,5,1,157,5.607143
72.3581,28,5,1,157,5.607143
72.39783,28,5,1,157,5.607143
72.4518,28,5,1,157,5.607143
72.50795,28,5,1,158,5.642857
72.56258,28,5,1,158,5.642857
72.62358,28,5,1,158,5.642857
72.67679,22,5,1,158,7.181818
72.72797,22,5,1,158,7.181818
72.7801,22,5,1,159,7.227273
72.83385,22,5,1,159,7.227273
72.88376,22,5,1,159,7.227273
72.91901,22,5,1,159,7.227273
72.95685,22,5,1,159,7.227273
72.9952,22,5,1,160,7.272727
73.03006,22,5,1,160,7.272727
73.06879,22,5,1,160,7.272727
73.1189,22,5,1,160,7.272727
73.164,22,5,1,160,7.272727
73.21474,22,5,1,161,7.318182
73.2547,22,5,1,161,7.318182
73.29684,22,5,1,161,7.318182
73.33593,22,5,1,161,7.318182
73.37336,22,5,1,161,7.318182
73.41037,22,5,1,162,7.363636
73.44575,22,5,1,162,7.363636
73.48618,22,5,1,162,7.363636
73.52391,22,5,1,162,7.363636
73.56086,22,5,1,162,7.363636
73.60002,22,5,1,163,7.409091
73.63563,22,5,1,163,7.409091
73.67153,24,5,1,163,6.791667
73.73055,24,5,1,163,6.791667
73.77048,24,5,1,163,6.791667
73.80283,24,5,1,164,6.833333
73.83582,24,5,1,164,6.833333
73.87675,24,5,1,164,6.833333
73.91109,24,5,1,164,6.833333
73.94699,24,5,1,164,6.833333
73.98215,24,5,1,165,6.875
74.02708,24,5,1,165,6.875
74.06365,24,5,1,165,6.875
74.0987,24,5,1,165,6.875
74.14188,24,5,1,165,6.875
74.1772,24,5,1,166,6.916667
74.21053,24,5,1,166,6.916667
74.24287,24,5,1,166,6.916667
74.27602,24,5,1,166,6.916667
74.30938,24,5,1,166,6.916667
74.34383,24,5,1,167,6.958333
74.3781,24,5,1,167,6.958333
74.41105,24,5,1,167,6.958333
74.44568,24,5,1,167,6.958333
74.48058,24,5,1,167,6.958333
74.51341,24,5,1,168,7
74.54768,24,5,1,168,7
74.58237,24,5,1,168,7
74.62519,24,5,1,168,7
74.66064,27,5,1,168,6.222222
74.70752,27,5,1,169,6.259259
74.74303,27,5,1,169,6.259259
74.77644,27,5,1,169,6.259259
74.81226,27,5,1,169,6.259259
74.84492,27,5,1,169,6.259259
74.87898,27,5,1,170,6.296296
74.91296,27,5,1,170,6.296296
74.94387,27,5,1,170,6.296296
74.97438,27,5,1,170,6.296296
75.00697,27,5,1,170,6.296296
75.03976,27,5,1,171,6.333333
75.0734,27,5,1,171,6.333333
75.10931,27,5,1,171,6.333333
75.1442,27,5,1,171,6.333333
75.17849,27,5,1,171,6.333333
75.21201,27,5,1,172,6.37037
75.24473,27,5,1,172,6.37037
75.28905,27,5,1,172,6.37037
75.32508,27,5,1,172,6.37037
75.3605,27,5,1,172,6.37037
75.39761,27,5,1,173,6.407407
75.43523,27,5,1,173,6.407407
75.46738,27,5,1,173,6.407407
75.50493,27,5,1,173,6.407407
75.53922,27,5,1,173,6.407407
75.57096,27,5,1,174,6.444445
75.60472,27,5,1,174,6.444445
75.63823,27,5,1,174,6.444445
75.67104,29,5,1,174,6
75.70419,29,5,1,174,6
75.73781,29,5,1,175,6.034483
75.76926,29,5,1,175,6.034483
75.80557,29,5,1,175,6.034483
75.83827,29,5,1,175,6.034483
75.87109,29,5,1,175,6.034483
75.91199,29,5,1,176,6.068965
75.95618,29,5,1,176,6.068965
75.99182,29,5,1,176,6.068965
76.02631,29,5,1,176,6.068965
76.06295,29,5,1,176,6.068965
76.10054,29,5,1,177,6.103448
76.13706,29,5,1,177,6.103448
76.17194,29,5,1,177,6.103448
76.20547,29,5,1,177,6.103448
76.23816,29,5,1,177,6.103448
76.27447,29,5,1,178,6.137931
76.307,29,5,1,178,6.137931
76.34367,29,5,1,178,6.137931
76.37653,29,5,1,178,6.137931
76.40992,29,5,1,178,6.137931
76.44426,29,5,1,179,6.172414
76.48358,29,5,1,179,6.172414
76.52535,29,5,1,179,6.172414
76.55873,29,5,1,179,6.172414
76.5901,29,5,1,179,6.172414
76.6247,29,5,1,180,6.206897
76.65633,28,5,1,180,6.428571
76.68709,28,5,1,180,6.428571
76.72275,28,5,1,180,6.428571
76.75506,28,5,1,180,6.428571
76.78798,28,5,1,181,6.464286
76.82433,28,5,1,181,6.464286
76.85709,28,5,1,181,6.464286
76.89012,28,5,1,181,6.464286
76.92224,28,5,1,181,6.464286
76.95242,28,5,1,182,6.5
76.9846,28,5,1,182,6.5
77.01559,28,5,1,182,6.5
77.04907,28,5,1,182,6.5
77.07897,28,5,1,182,6.5
77.10855,28,5,1,183,6.535714
77.13784,28,5,1,183,6.535714
77.16838,28,5,1,183,6.535714
77.20247,28,5,1,183,6.535714
77.23472,28,5,1,183,6.535714
77.2728,28,5,1,184,6.571429
77.30708,28,5,1,184,6.571429
77.36215,28,5,1,184,6.571429
77.39335,28,5,1,184,6.571429
77.43015,28,5,1,184,6.571429
77.46069,28,5,1,185,6.607143
77.49482,28,5,1,185,6.607143
77.52758,28,5,1,185,6.607143
77.56126,28,5,1,185,6.607143
77.60353,28,5,1,185,6.607143
77.63797,28,5,1,186,6.642857
77.66905,30,5,1,186,6.2
77.70381,30,5,1,186,6.2
77.73586,30,5,1,186,6.2
77.77144,30,5,1,186,6.2
77.80763,30,5,1,187,6.233333
77.84266,30,5,1,187,6.233333
77.87735,30,5,1,187,6.233333
77.90931,30,5,1,187,6.233333
77.94518,30,5,1,187,6.233333
77.98007,30,5,1,188,6.266667
78.01362,30,5,1,188,6.266667
78.04303,30,5,1,188,6.266667
78.07355,30,5,1,188,6.266667
78.10374,30,5,1,188,6.266667
78.13615,30,5,1,189,6.3
78.17286,30,5,1,189,6.3
78.21173,30,5,1,189,6.3
78.24453,30,5,1,189,6.3
78.27735,30,5,1,189,6.3
78.30895,30,5,1,190,6.333333
78.33979,30,5,1,190,6.333333
78.37285,30,5,1,190,6.333333
78.40592,30,5,1,190,6.333333
78.43867,30,5,1,190,6.333333
78.46969,30,5,1,191,6.366667
78.50689,30,5,1,191,6.366667
78.55084,30,5,1,191,6.366667
78.58354,30,5,1,191,6.366667
78.62194,30,5,1,191,6.366667
78.65554,29,5,1,192,6.62069
78.69321,29,5,1,192,6.62069
78.72557,29,5,1,192,6.62069
78.75916,29,5,1,192,6.62069
78.79389,29,5,1,192,6.62069
78.82789,29,5,1,193,6.655172
78.86074,29,5,1,193,6.655172
78.89413,29,5,1,193,6.655172
78.93422,29,5,1,193,6.655172
78.97048,29,5,1,193,6.655172
79.00338,29,5,1,194,6.689655
79.03414,29,5,1,194,6.689655
79.06803,29,5,1,194,6.689655
79.09738,29,5,1,194,6.689655
79.13112,29,5,1,194,6.689655
79.17023,29,5,1,195,6.724138
79.21088,29,5,1,195,6.724138
79.24357,29,5,1,195,6.724138
79.27718,29,5,1,195,6.724138
79.33588,29,5,1,195,6.724138
79.37262,29,5,1,196,6.758621
79.40471,29,5,1,196,6.758621
79.43639,29,5,1,196,6.758621
79.47082,29,5,1,196,6.758621
79.50475,29,5,1,196,6.758621
79.53525,29,5,1,197,6.793103
79.56885,29,5,1,197,6.793103
79.60093,29,5,1,197,6.793103
79.64245,29,5,1,197,6.793103
79.67197,29,5,1,197,6.793103
79.7048,29,5,1,198,6.827586
79.73825,29,5,1,198,6.827586
79.76928,29,5,1,198,6.827586
79.80462,29,5,1,198,6.827586
79.83791,29,5,1,198,6.827586
79.87527,29,5,1,199,6.862069
79.90579,29,5,1,199,6.862069
79.93938,29,5,1,199,6.862069
79.97137,29,5,1,199,6.862069
80.00834,29,5,1,199,6.862069
80.04376,29,5,1,200,6.896552
80.07572,29,5,1,200,6.896552
80.10793,29,5,1,200,6.896552
80.14021,29,5,1,200,6.896552
80.17608,29,5,1,200,6.896552
80.21189,29,5,1,201,6.931035
80.24573,29,5,1,201,6.931035
80.27907,29,5,1,201,6.931035
80.31538,29,5,1,201,6.931035
80.3526,29,5,1,201,6.931035
80.3955,29,5,1,202,6.965517
80.44153,29,5,1,202,6.965517
80.4772,29,5,1,202,6.965517
80.51798,29,5,1,202,6.965517
80.55469,29,5,1,202,6.965517
80.59281,29,5,1,203,7
80.62704,29,5,1,203,7
80.66176,28,5,1,203,7.25
80.69842,28,5,1,203,7.25
80.73487,28,5,1,203,7.25
80.77254,28,5,1,204,7.285714
80.80701,28,5,1,204,7.285714
80.841,28,5,1,204,7.285714
80.8858,28,5,1,204,7.285714
80.92763,28,5,1,204,7.285714
80.96123,28,5,1,205,7.321429
80.99272,28,5,1,205,7.321429
81.02419,28,5,1,205,7.321429
81.05973,28,5,1,205,7.321429
81.09145,28,5,1,205,7.321429
81.12612,28,5,1,206,7.357143
81.15843,28,5,1,206,7.357143
81.19102,28,5,1,206,7.357143
81.22729,28,5,1,206,7.357143
81.25948,28,5,1,206,7.357143
81.29128,28,5,1,207,7.392857
81.3259,28,5,1,207,7.392857
81.35651,28,5,1,207,7.392857
81.39008,28,5,1,207,7.392857
81.42321,28,5,1,207,7.392857
81.45953,28,5,1,208,7.428571
81.495,28,5,1,208,7.428571
81.53713,28,5,1,208,7.428571
81.5771,28,5,1,208,7.428571
81.6111,28,5,1,208,7.428571
81.64796,28,5,1,209,7.464286
81.68214,28,5,1,209,7.464286
81.72617,28,5,1,209,7.464286
81.76856,28,5,1,209,7.464286
81.8026,28,5,1,209,7.464286
81.83608,28,5,1,210,7.5
81.87051,28,5,1,210,7.5
81.90177,28,5,1,210,7.5
81.93748,28,5,1,210,7.5
81.97131,28,5,1,210,7.5
82.00762,28,5,1,211,7.535714
82.04469,28,5,1,211,7.535714
82.08403,28,5,1,211,7.535714
82.12055,28,5,1,211,7.535714
82.15519,28,5,1,211,7.535714
82.22499,28,5,1,212,7.571429
82.26335,28,5,1,212,7.571429
82.30753,28,5,1,212,7.571429
82.34307,28,5,1,212,7.571429
82.37673,28,5,1,212,7.571429
82.41269,28,5,1,213,7.607143
82.44762,28,5,1,213,7.607143
82.48602,28,5,1,213,7.607143
82.56693,28,5,1,213,7.607143
82.61268,28,5,1,213,7.607143
82.66963,25,5,1,214,8.56
82.71425,25,5,1,214,8.56
82.76859,25,5,1,214,8.56
82.82282,25,5,1,214,8.56
82.85789,25,5,1,214,8.56
82.89746,25,5,1,215,8.6
82.93495,25,5,1,215,8.6
82.97067,25,5,1,215,8.6
83.01656,25,5,1,215,8.6
83.04861,25,5,1,215,8.6
83.08034,25,5,1,216,8.64
83.11405,25,5,1,216,8.64
83.14964,25,5,1,216,8.64
83.18387,25,5,1,216,8.64
83.2174,25,5,1,216,8.64
83.2542,25,5,1,217,8.68
83.28673,25,5,1,217,8.68
83.32003,25,5,1,217,8.68
83.35321,25,5,1,217,8.68
83.38602,25,5,1,217,8.68
83.41909,25,5,1,218,8.72
83.45158,25,5,1,218,8.72
83.48216,25,5,1,218,8.72
83.51206,25,5,1,218,8.72
83.5433,25,5,1,218,8.72
83.57784,25,5,1,219,8.76
83.60959,25,5,1,219,8.76
83.64189,25,5,1,219,8.76
83.6761,28,5,1,219,7.821429
83.71819,28,5,1,219,7.821429
83.75692,28,5,1,220,7.857143
83.80057,28,5,1,220,7.857143
83.83899,28,5,1,220,7.857143
83.89144,28,5,1,220,7.857143
83.93185,28,5,1,220,7.857143
83.97155,28,5,1,221,7.892857
84.01679,28,5,1,221,7.892857
84.05106,28,5,1,221,7.892857
84.08463,28,5,1,221,7.892857
84.11797,28,5,1,221,7.892857
84.14999,28,5,1,222,7.928571
84.18696,28,5,1,222,7.928571
84.22948,28,5,1,222,7.928571
84.26185,28,5,1,222,7.928571
84.29394,28,5,1,222,7.928571
84.33043,28,5,1,223,7.964286
84.36742,28,5,1,223,7.964286
84.40183,28,5,1,223,7.964286
84.43909,28,5,1,223,7.964286
84.47337,28,5,1,223,7.964286
84.51926,28,5,1,224,8
84.55573,28,5,1,224,8
84.58793,28,5,1,224,8
84.62198,28,5,1,224,8
84.6562,26,5,1,224,8.615385
84.68709,26,5,1,225,8.653846
84.71872,26,5,1,225,8.653846
84.7541,26,5,1,225,8.653846
84.78641,26,5,1,225,8.653846
84.84525,26,5,1,225,8.653846
84.91431,26,5,1,226,8.692307
84.9856,26,5,1,226,8.692307
85.04992,26,5,1,226,8.692307
85.11029,26,5,1,226,8.692307
85.18009,26,5,1,226,8.692307
85.24194,26,5,1,227,8.730769
85.30504,26,5,1,227,8.730769
85.37006,26,5,1,227,8.730769
85.43169,26,5,1,227,8.730769
85.50111,26,5,1,227,8.730769
85.56445,26,5,1,228,8.769231
85.6256,26,5,1,228,8.769231
85.71902,18,5,1,228,12.66667
85.78006,18,5,1,228,12.66667
85.83852,18,5,1,228,12.66667
85.89787,18,5,1,229,12.72222
85.96275,18,5,1,229,12.72222
86.02267,18,5,1,229,12.72222
86.08861,18,5,1,229,12.72222
86.1502,18,5,1,229,12.72222
86.20871,18,5,1,230,12.77778
86.28149,18,5,1,230,12.77778
86.34859,18,5,1,230,12.77778
86.42156,18,5,1,230,12.77778
86.48738,18,5,1,230,12.77778
86.55064,18,5,1,231,12.83333
86.61758,18,5,1,231,12.83333
86.71189,15,5,1,231,15.4
86.81348,15,5,1,231,15.4
86.8979,15,5,1,231,15.4
86.96311,15,5,1,236,15.73333
87.0379,15,5,1,236,15.73333
87.11336,15,5,1,236,15.73333
87.18015,15,5,1,236,15.73333
87.25507,15,5,1,236,15.73333
87.29623,15,5,1,236,15.73333
87.33227,15,5,1,236,15.73333
87.37084,15,5,1,236,15.73333
87.40428,15,5,1,236,15.73333
87.44093,15,5,1,236,15.73333
87.47269,15,5,1,236,15.73333
87.50412,15,5,1,236,15.73333
87.53893,15,5,1,236,15.73333
87.58164,15,5,1,236,15.73333
87.61495,15,5,1,236,15.73333
87.64923,18,5,1,236,13.11111
87.68398,18,5,1,236,13.11111
87.73426,18,5,1,236,13.11111
87.78162,18,5,1,236,13.11111
87.84112,18,5,1,236,13.11111
87.89786,18,5,1,236,13.11111
87.95006,18,5,1,236,13.11111
88.0107,18,5,1,236,13.11111
88.0645,18,5,1,236,13.11111
88.13198,18,5,1,236,13.11111
88.20105,18,5,1,236,13.11111
88.25188,18,5,1,236,13.11111
88.30787,18,5,1,236,13.11111
88.3662,18,5,1,236,13.11111
88.42043,18,5,1,236,13.11111
88.47958,18,5,1,236,13.11111
88.54369,18,5,1,236,13.11111
88.63113,18,5,1,236,13.11111
88.68677,18,5,1,236,13.11111
88.74044,18,5,1,236,13.11111
88.7961,18,5,1,236,13.11111
88.85021,18,5,1,236,13.11111
88.90652,18,5,1,236,13.11111
88.96149,18,5,1,236,13.11111
89.02013,18,5,1,236,13.11111
89.09451,18,5,1,236,13.11111
89.15277,18,5,1,236,13.11111
89.2093,18,5,1,236,13.11111
89.27385,18,5,1,236,13.11111
89.32975,18,5,1,236,13.11111
89.39005,18,5,1,236,13.11111
89.45305,18,5,1,236,13.11111
89.51751,18,5,1,236,13.11111
89.5808,18,5,1,236,13.11111
89.6492,16,5,1,236,14.75
89.71033,16,5,1,236,14.75
89.74738,16,5,1,236,14.75
89.78136,16,5,1,236,14.75
89.8164,16,5,1,236,14.75
89.85004,16,5,1,236,14.75
89.88605,16,5,1,236,14.75
89.91985,16,5,1,236,14.75
89.95221,16,5,1,236,14.75
89.98791,16,5,1,236,14.75
90.01881,16,5,1,236,14.75
90.05591,16,5,1,236,14.75
90.09135,16,5,1,236,14.75
90.12375,16,5,1,236,14.75
90.15491,16,5,1,236,14.75
90.18858,16,5,1,236,14.75
90.22553,16,5,1,236,14.75
90.25871,16,5,1,236,14.75
90.296,16,5,1,236,14.75
90.33304,16,5,1,236,14.75
90.37185,16,5,1,236,14.75
90.40273,16,5,1,236,14.75
90.43634,16,5,1,236,14.75
90.47055,16,5,1,236,14.75
90.49999,16,5,1,236,14.75
90.53352,16,5,1,236,14.75
90.56765,16,5,1,236,14.75
90.60557,16,5,1,236,14.75
90.65497,28,5,1,236,8.428572
90.70627,28,5,1,236,8.428572
90.75637,28,5,1,236,8.428572
90.79932,28,5,1,236,8.428572
90.84007,28,5,1,236,8.428572
90.88897,28,5,1,236,8.428572
90.93278,28,5,1,236,8.428572
90.97546,28,5,1,236,8.428572
91.00745,28,5,1,236,8.428572
91.04116,28,5,1,236,8.428572
91.07804,28,5,1,236,8.428572
91.11239,28,5,1,236,8.428572
91.14174,28,5,1,236,8.428572
91.18457,28,5,1,236,8.428572
91.21327,28,5,1,236,8.428572
91.24284,28,5,1,236,8.428572
91.27218,28,5,1,236,8.428572
91.30426,28,5,1,236,8.428572
91.33466,28,5,1,235,8.392858
91.36433,28,5,1,235,8.392858
91.39427,28,5,1,235,8.392858
91.42298,28,5,1,235,8.392858
91.45751,28,5,1,235,8.392858
91.48885,28,5,1,234,8.357142
91.52087,28,5,1,234,8.357142
91.55255,28,5,1,234,8.357142
91.58543,28,5,1,234,8.357142
91.6162,28,5,1,234,8.357142
91.64993,28,5,1,233,8.321428
91.68254,28,5,1,233,8.321428
91.71456,28,5,1,233,8.321428
91.74774,28,5,1,233,8.321428
91.78198,28,5,1,233,8.321428
91.81335,28,5,1,232,8.285714
91.84544,28,5,1,232,8.285714
91.88808,28,5,1,232,8.285714
91.92081,28,5,1,232,8.285714
91.95258,28,5,1,232,8.285714
91.98542,28,5,1,231,8.25
92.02419,28,5,1,231,8.25
92.06049,28,5,1,231,8.25
92.09148,28,5,1,231,8.25
92.12808,28,5,1,231,8.25
92.15982,28,5,1,230,8.214286
92.19965,28,5,1,230,8.214286
92.22813,28,5,1,230,8.214286
92.26559,28,5,1,230,8.214286
92.30158,28,5,1,230,8.214286
92.34039,28,5,1,229,8.178572
92.37365,28,5,1,229,8.178572
92.40556,28,5,1,229,8.178572
92.43639,28,5,1,229,8.178572
92.46715,28,5,1,229,8.178572
92.4997,28,5,1,228,8.142858
92.53049,28,5,1,228,8.142858
92.56374,28,5,1,228,8.142858
92.59622,28,5,1,228,8.142858
92.62982,28,5,1,228,8.142858
92.65978,30,5,1,227,7.566667
92.688,30,5,1,227,7.566667
92.72007,30,5,1,227,7.566667
92.75439,30,5,1,227,7.566667
92.78873,30,5,1,227,7.566667
92.82259,30,5,1,226,7.533333
92.85295,30,5,1,226,7.533333
92.88638,30,5,1,226,7.533333
92.91642,30,5,1,226,7.533333
92.97295,30,5,1,226,7.533333
93.01534,30,5,1,225,7.5
93.05321,30,5,1,225,7.5
93.0882,30,5,1,225,7.5
93.12199,30,5,1,225,7.5
93.15932,30,5,1,225,7.5
93.19601,30,5,1,224,7.466667
93.22714,30,5,1,224,7.466667
93.25643,30,5,1,224,7.466667
93.29523,30,5,1,224,7.466667
93.33598,30,5,1,224,7.466667
93.38277,30,5,1,223,7.433333
93.42836,30,5,1,223,7.433333
93.46942,30,5,1,223,7.433333
93.5047,30,5,1,223,7.433333
93.53972,30,5,1,223,7.433333
93.5871,30,5,1,222,7.4
93.61967,30,5,1,222,7.4
93.65389,27,5,1,222,8.222222
93.68781,27,5,1,222,8.222222
93.72132,27,5,1,222,8.222222
93.75478,27,5,1,221,8.185185
93.78857,27,5,1,221,8.185185
93.83198,27,5,1,221,8.185185
93.86844,27,5,1,221,8.185185
93.90479,27,5,1,221,8.185185
93.94594,27,5,1,220,8.148149
93.98438,27,5,1,220,8.148149
94.0247,27,5,1,220,8.148149
94.06043,27,5,1,220,8.148149
94.10085,27,5,1,220,8.148149
94.13974,27,5,1,219,8.111111
94.18474,27,5,1,219,8.111111
94.22639,27,5,1,219,8.111111
94.26733,27,5,1,219,8.111111
94.3072,27,5,1,219,8.111111
94.3498,27,5,1,218,8.074074
94.38603,27,5,1,218,8.074074
94.4213,27,5,1,218,8.074074
94.4576,27,5,1,218,8.074074
94.49332,27,5,1,218,8.074074
94.5288,27,5,1,217,8.037037
94.5666,27,5,1,217,8.037037
94.60265,27,5,1,217,8.037037
94.63987,27,5,1,217,8.037037
94.67476,27,5,1,217,8.037037
94.71233,27,5,1,216,8
94.74845,27,5,1,216,8
94.78134,27,5,1,216,8
94.82083,27,5,1,216,8
94.87314,27,5,1,216,8
94.91971,27,5,1,215,7.962963
94.96487,27,5,1,215,7.962963
95.00596,27,5,1,215,7.962963
95.05473,27,5,1,215,7.962963
95.0997,27,5,1,215,7.962963
95.13219,27,5,1,214,7.925926
95.17067,27,5,1,214,7.925926
95.20837,27,5,1,214,7.925926
95.2543,27,5,1,214,7.925926
95.28838,27,5,1,214,7.925926
95.32381,27,5,1,213,7.888889
95.35593,27,5,1,213,7.888889
95.39998,27,5,1,213,7.888889
95.44413,27,5,1,213,7.888889
95.48061,27,5,1,213,7.888889
95.51552,27,5,1,212,7.851852
95.55171,27,5,1,212,7.851852
95.58899,27,5,1,212,7.851852
95.62664,27,5,1,212,7.851852
95.65739,25,5,1,212,8.48
95.68884,25,5,1,211,8.44
95.71873,25,5,1,211,8.44
95.7541,25,5,1,211,8.44
95.79055,25,5,1,211,8.44
95.83514,25,5,1,211,8.44
95.87141,25,5,1,210,8.4
95.90321,25,5,1,210,8.4
95.93575,25,5,1,210,8.4
95.96777,25,5,1,210,8.4
95.99782,25,5,1,210,8.4
96.0307,25,5,1,209,8.36
96.06441,25,5,1,209,8.36
96.09974,25,5,1,209,8.36
96.13288,25,5,1,209,8.36
96.16344,25,5,1,209,8.36
96.2001,25,5,1,208,8.32
96.23634,25,5,1,208,8.32
96.26703,25,5,1,208,8.32
96.29871,25,5,1,208,8.32
96.33212,25,5,1,208,8.32
96.36868,25,5,1,207,8.28
96.40399,25,5,1,207,8.28
96.44134,25,5,1,207,8.28
96.47538,25,5,1,207,8.28
96.51245,25,5,1,207,8.28
96.54436,25,5,1,206,8.24
96.5789,25,5,1,206,8.24
96.61566,25,5,1,206,8.24
96.64843,29,5,1,206,7.103448
96.68543,29,5,1,206,7.103448
96.71684,29,5,1,205,7.068965
96.74951,29,5,1,205,7.068965
96.7798,29,5,1,205,7.068965
96.80975,29,5,1,205,7.068965
96.84341,29,5,1,205,7.068965
96.87549,29,5,1,204,7.034483
96.90871,29,5,1,204,7.034483
96.94367,29,5,1,204,7.034483
96.97948,29,5,1,204,7.034483
97.01229,29,5,1,204,7.034483
97.0476,29,5,1,203,7
97.08417,29,5,1,203,7
97.12051,29,5,1,203,7
97.16007,29,5,1,203,7
97.19364,29,5,1,203,7
97.22417,29,5,1,202,6.965517
97.26506,29,5,1,202,6.965517
97.29639,29,5,1,202,6.965517
97.33492,29,5,1,202,6.965517
97.37185,29,5,1,202,6.965517
97.4053,29,5,1,201,6.931035
97.43734,29,5,1,201,6.931035
97.47128,29,5,1,201,6.931035
97.50711,29,5,1,201,6.931035
97.54758,29,5,1,201,6.931035
97.59911,29,5,1,200,6.896552
97.64856,28,5,1,200,7.142857
97.69572,28,5,1,200,7.142857
97.75365,28,5,1,200,7.142857
97.80386,28,5,1,200,7.142857
97.84933,28,5,1,199,7.107143
97.89159,28,5,1,199,7.107143
97.93973,28,5,1,199,7.107143
97.98541,28,5,1,199,7.107143
98.03545,28,5,1,199,7.107143
98.09718,28,5,1,198,7.071429
98.1423,28,5,1,198,7.071429
98.19703,28,5,1,198,7.071429
98.24367,28,5,1,198,7.071429
98.28958,28,5,1,198,7.071429
98.33385,28,5,1,197,7.035714
98.38097,28,5,1,197,7.035714
98.4193,28,5,1,197,7.035714
98.45201,28,5,1,197,7.035714
98.48671,28,5,1,197,7.035714
98.52282,28,5,1,196,7
98.55546,28,5,1,196,7
98.5943,28,5,1,196,7
98.62828,28,5,1,196,7
98.66558,23,5,1,196,8.521739
98.69913,23,5,1,195,8.478261
98.73306,23,5,1,195,8.478261
98.77422,23,5,1,195,8.478261
98.80975,23,5,1,195,8.478261
98.85186,23,5,1,195,8.478261
98.88596,23,5,1,194,8.434783
98.92223,23,5,1,194,8.434783
98.95669,23,5,1,194,8.434783
98.99376,23,5,1,194,8.434783
99.02748,23,5,1,194,8.434783
99.0646,23,5,1,193,8.391304
99.12704,23,5,1,193,8.391304
99.16221,23,5,1,193,8.391304
99.19879,23,5,1,193,8.391304
99.23474,23,5,1,193,8.391304
99.27217,23,5,1,192,8.347826
99.30562,23,5,1,192,8.347826
99.33824,23,5,1,192,8.347826
99.3738,23,5,1,192,8.347826
99.41471,23,5,1,192,8.347826
99.45098,23,5,1,191,8.304348
99.48087,23,5,1,191,8.304348
99.51347,23,5,1,191,8.304348
99.546,23,5,1,191,8.304348
99.57646,23,5,1,191,8.304348
99.60515,23,5,1,190,8.26087
99.64233,23,5,1,190,8.26087
99.67459,28,5,1,190,6.785714
99.70694,28,5,1,190,6.785714
99.73786,28,5,1,190,6.785714
99.77064,28,5,1,189,6.75
99.80673,28,5,1,189,6.75
99.83674,28,5,1,189,6.75
99.87057,28,5,1,189,6.75
99.90351,28,5,1,189,6.75
99.96353,28,5,1,188,6.714286
99.99474,28,5,1,188,6.714286
100.0304,28,5,1,188,6.714286
100.0652,28,5,1,188,6.714286
100.1015,28,5,1,188,6.714286
100.1382,28,5,1,187,6.678571
100.1717,28,5,1,187,6.678571
100.2111,28,5,1,187,6.678571
100.2556,28,5,1,187,6.678571
100.2941,28,5,1,187,6.678571
100.336,28,5,1,186,6.642857
100.3915,28,5,1,186,6.642857
100.4436,28,5,1,186,6.642857
100.4764,28,5,1,186,6.642857
100.5134,28,5,1,186,6.642857
100.5435,28,5,1,185,6.607143
100.576,28,5,1,185,6.607143
100.6093,28,5,1,185,6.607143
100.6404,28,5,1,185,6.607143
100.6703,27,5,1,185,6.851852
100.6997,27,5,1,184,6.814815
100.7296,27,5,1,184,6.814815
100.7607,27,5,1,184,6.814815
100.7988,27,5,1,184,6.814815
100.8354,27,5,1,184,6.814815
100.8692,27,5,1,183,6.777778
100.9071,27,5,1,183,6.777778
100.9454,27,5,1,183,6.777778
100.9773,27,5,1,183,6.777778
101.01,27,5,1,183,6.777778
101.0474,27,5,1,182,6.740741
101.0821,27,5,1,182,6.740741
101.1222,27,5,1,182,6.740741
101.1539,27,5,1,182,6.740741
101.1855,27,5,1,182,6.740741
101.2249,27,5,1,181,6.703704
101.257,27,5,1,181,6.703704
101.2922,27,5,1,181,6.703704
101.3296,27,5,1,181,6.703704
101.3681,27,5,1,181,6.703704
101.4,27,5,1,180,6.666667
101.434,27,5,1,180,6.666667
101.465,27,5,1,180,6.666667
101.495,27,5,1,180,6.666667
101.5278,27,5,1,180,6.666667
101.5588,27,5,1,179,6.62963
101.5903,27,5,1,179,6.62963
101.6248,27,5,1,179,6.62963
101.6581,29,5,1,179,6.172414
101.6895,29,5,1,179,6.172414
101.7226,29,5,1,178,6.137931
101.7592,29,5,1,178,6.137931
101.7916,29,5,1,178,6.137931
101.8252,29,5,1,178,6.137931
101.8553,29,5,1,178,6.137931
101.8889,29,5,1,177,6.103448
101.9225,29,5,1,177,6.103448
101.9544,29,5,1,177,6.103448
101.9839,29,5,1,177,6.103448
102.0279,29,5,1,177,6.103448
102.072,29,5,1,176,6.068965
102.1063,29,5,1,176,6.068965
102.1403,29,5,1,176,6.068965
102.1714,29,5,1,176,6.068965
102.2094,29,5,1,176,6.068965
102.2548,29,5,1,175,6.034483
102.2879,29,5,1,175,6.034483
102.3216,29,5,1,175,6.034483
102.3694,29,5,1,175,6.034483
102.4275,29,5,1,175,6.034483
102.4587,29,5,1,174,6
102.491,29,5,1,174,6
102.5227,29,5,1,174,6
102.5534,29,5,1,174,6
102.5859,29,5,1,174,6
102.6187,29,5,1,173,5.965517
102.6486,28,5,1,173,6.178571
102.6802,28,5,1,173,6.178571
102.713,28,5,1,173,6.178571
102.7442,28,5,1,173,6.178571
102.7775,28,5,1,172,6.142857
102.81,28,5,1,172,6.142857
102.8428,28,5,1,172,6.142857
102.8802,28,5,1,172,6.142857
102.9209,28,5,1,172,6.142857
102.9641,28,5,1,171,6.107143
102.9961,28,5,1,171,6.107143
103.0276,28,5,1,171,6.107143
103.0617,28,5,1,171,6.107143
103.0937,28,5,1,171,6.107143
103.13,28,5,1,170,6.071429
103.1601,28,5,1,170,6.071429
103.1903,28,5,1,170,6.071429
103.2234,28,5,1,170,6.071429
103.2586,28,5,1,170,6.071429
103.2914,28,5,1,169,6.035714
103.3252,28,5,1,169,6.035714
103.358,28,5,1,169,6.035714
103.3908,28,5,1,169,6.035714
103.4249,28,5,1,169,6.035714
103.4583,28,5,1,168,6
103.488,28,5,1,168,6
103.519,28,5,1,168,6
103.5515,28,5,1,168,6
103.5835,28,5,1,168,6
103.6269,28,5,1,167,5.964286
103.6595,30,5,1,167,5.566667
103.6915,30,5,1,167,5.566667
103.7244,30,5,1,167,5.566667
103.7575,30,5,1,167,5.566667
103.7943,30,5,1,166,5.533333
103.835,30,5,1,166,5.533333
103.8679,30,5,1,166,5.533333
103.9013,30,5,1,166,5.533333
103.9336,30,5,1,166,5.533333
103.9682,30,5,1,165,5.5
104.0022,30,5,1,165,5.5
104.0339,30,5,1,165,5.5
104.0773,30,5,1,165,5.5
104.1082,30,5,1,165,5.5
104.14,30,5,1,164,5.466667
104.1774,30,5,1,164,5.466667
104.2253,30,5,1,164,5.466667
104.2586,30,5,1,164,5.466667
104.2913,30,5,1,164,5.466667
104.3227,30,5,1,163,5.433333
104.3543,30,5,1,163,5.433333
104.391,30,5,1,163,5.433333
104.425,30,5,1,163,5.433333
104.4587,30,5,1,163,5.433333
104.4908,30,5,1,162,5.4
104.5214,30,5,1,162,5.4
104.5545,30,5,1,162,5.4
104.5856,30,5,1,162,5.4
104.6171,30,5,1,162,5.4
104.6487,29,5,1,161,5.551724
104.6806,29,5,1,161,5.551724
104.7124,29,5,1,161,5.551724
104.7693,29,5,1,161,5.551724
104.8048,29,5,1,161,5.551724
104.8359,29,5,1,160,5.517241
104.8697,29,5,1,160,5.517241
104.9006,29,5,1,160,5.517241
104.9331,29,5,1,160,5.517241
104.9658,29,5,1,160,5.517241
104.999,29,5,1,159,5.482759
105.0338,29,5,1,159,5.482759
105.0644,29,5,1,159,5.482759
105.1008,29,5,1,159,5.482759
105.1353,29,5,1,159,5.482759
105.1671,29,5,1,158,5.448276
105.2025,29,5,1,158,5.448276
105.2337,29,5,1,158,5.448276
105.2618,29,5,1,158,5.448276
105.2936,29,5,1,158,5.448276
105.3279,29,5,1,157,5.413793
105.3603,29,5,1,157,5.413793
105.3929,29,5,1,157,5.413793
105.4217,29,5,1,157,5.413793
105.4515,29,5,1,157,5.413793
105.4816,29,5,1,156,5.37931
105.5122,29,5,1,156,5.37931
105.5462,29,5,1,156,5.37931
105.5908,29,5,1,156,5.37931
105.6232,29,5,1,156,5.37931
105.6575,30,5,1,155,5.166667
105.6952,30,5,1,155,5.166667
105.727,30,5,1,155,5.166667
105.7601,30,5,1,155,5.166667
105.7931,30,5,1,155,5.166667
105.8241,30,5,1,154,5.133333
105.8571,30,5,1,154,5.133333
105.8936,30,5,1,154,5.133333
105.9274,30,5,1,154,5.133333
105.9593,30,5,1,154,5.133333
106.0028,30,5,1,153,5.1
106.0345,30,5,1,153,5.1
106.0655,30,5,1,153,5.1
106.0992,30,5,1,153,5.1
106.132,30,5,1,153,5.1
106.1656,30,5,1,152,5.066667
106.2002,30,5,1,152,5.066667
106.2323,30,5,1,152,5.066667
106.2693,30,5,1,152,5.066667
106.3014,30,5,1,152,5.066667
106.3358,30,5,1,151,5.033333
106.3718,30,5,1,151,5.033333
106.4031,30,5,1,151,5.033333
106.4372,30,5,1,151,5.033333
106.4701,30,5,1,151,5.033333
106.5001,30,5,1,150,5
106.5294,30,5,1,150,5
106.5618,30,5,1,150,5
106.5936,30,5,1,150,5
106.6276,30,5,1,150,5
106.6654,30,5,1,149,4.966667
106.7007,30,5,1,149,4.966667
106.7308,30,5,1,149,4.966667
106.7634,30,5,1,149,4.966667
106.7952,30,5,1,149,4.966667
106.8266,30,5,1,148,4.933333
106.8658,30,5,1,148,4.933333
106.8967,30,5,1,148,4.933333
106.9295,30,5,1,148,4.933333
106.963,30,5,1,148,4.933333
107.0029,30,5,1,147,4.9
107.036,30,5,1,147,4.9
107.0716,30,5,1,147,4.9
107.1078,30,5,1,147,4.9
107.1369,30,5,1,147,4.9
107.1726,30,5,1,146,4.866667
107.2132,30,5,1,146,4.866667
107.2451,30,5,1,146,4.866667
107.2757,30,5,1,146,4.866667
107.3098,30,5,1,146,4.866667
107.3475,30,5,1,145,4.833333
107.3822,30,5,1,145,4.833333
107.4136,30,5,1,145,4.833333
107.4473,30,5,1,145,4.833333
107.4791,30,5,1,145,4.833333
107.5114,30,5,1,144,4.8
107.5482,30,5,1,144,4.8
107.5778,30,5,1,144,4.8
107.6188,30,5,1,144,4.8
107.651,29,5,1,144,4.965517
107.6833,29,5,1,143,4.931035
107.7161,29,5,1,143,4.931035
107.7451,29,5,1,143,4.931035
107.7755,29,5,1,143,4.931035
107.8071,29,5,1,143,4.931035
107.8408,29,5,1,142,4.896552
107.8718,29,5,1,142,4.896552
107.9051,29,5,1,142,4.896552
107.9364,29,5,1,142,4.896552
107.9688,29,5,1,142,4.896552
108.0051,29,5,1,141,4.862069
108.0381,29,5,1,141,4.862069
108.0726,29,5,1,141,4.862069
108.1047,29,5,1,141,4.862069
108.1356,29,5,1,141,4.862069
108.1729,29,5,1,140,4.827586
108.2109,29,5,1,140,4.827586
108.2494,29,5,1,140,4.827586
108.2842,29,5,1,140,4.827586
108.3187,29,5,1,140,4.827586
108.352,29,5,1,139,4.793103
108.3863,29,5,1,139,4.793103
108.419,29,5,1,139,4.793103
108.4531,29,5,1,139,4.793103
108.4884,29,5,1,139,4.793103
108.5217,29,5,1,138,4.758621
108.5534,29,5,1,138,4.758621
108.5863,29,5,1,138,4.758621
108.6279,29,5,1,138,4.758621
108.6587,30,5,1,138,4.6
108.6913,30,5,1,137,4.566667
108.7291,30,5,1,137,4.566667
108.7606,30,5,1,137,4.566667
108.7913,30,5,1,137,4.566667
108.8237,30,5,1,137,4.566667
108.8541,30,5,1,136,4.533333
108.8832,30,5,1,136,4.533333
108.9153,30,5,1,136,4.533333
108.9464,30,5,1,136,4.533333
108.9788,30,5,1,136,4.533333
109.0082,30,5,1,137,4.566667
109.041,30,5,1,137,4.566667
109.0725,30,5,1,137,4.566667
109.1025,30,5,1,137,4.566667
109.1441,30,5,1,137,4.566667
109.1757,30,5,1,138,4.6
109.208,30,5,1,138,4.6
109.242,30,5,1,138,4.6
109.2756,30,5,1,138,4.6
109.3109,30,5,1,138,4.6
109.3446,30,5,1,139,4.633333
109.3756,30,5,1,139,4.633333
109.4081,30,5,1,139,4.633333
109.4402,30,5,1,139,4.633333
109.4721,30,5,1,139,4.633333
109.5067,30,5,1,140,4.666667
109.5406,30,5,1,140,4.666667
109.5749,30,5,1,140,4.666667
109.6042,30,5,1,140,4.666667
109.6363,30,5,1,140,4.666667
109.6662,31,5,1,141,4.548387
109.6964,31,5,1,141,4.548387
109.7282,31,5,1,141,4.548387
109.7631,31,5,1,141,4.548387
109.7959,31,5,1,141,4.548387
109.8278,31,5,1,142,4.580645
109.861,31,5,1,142,4.580645
109.8927,31,5,1,142,4.580645
109.9233,31,5,1,142,4.580645
109.9571,31,5,1,142,4.580645
109.9884,31,5,1,143,4.612903
110.0227,31,5,1,143,4.612903
110.062,31,5,1,143,4.612903
110.0965,31,5,1,143,4.612903
110.1289,31,5,1,143,4.612903
110.1842,31,5,1,144,4.645161
110.2198,31,5,1,144,4.645161
110.2513,31,5,1,144,4.645161
110.2816,31,5,1,144,4.645161
110.3165,31,5,1,144,4.645161
110.3496,31,5,1,145,4.677419
110.3827,31,5,1,145,4.677419
110.4218,31,5,1,145,4.677419
110.4539,31,5,1,145,4.677419
110.4961,31,5,1,145,4.677419
110.527,31,5,1,146,4.709677
110.564,31,5,1,146,4.709677
110.5956,31,5,1,146,4.709677
110.6279,31,5,1,146,4.709677
110.6565,29,5,1,146,5.034483
110.6908,29,5,1,147,5.068965
110.7262,29,5,1,147,5.068965
110.7646,29,5,1,147,5.068965
110.7964,29,5,1,147,5.068965
110.8293,29,5,1,147,5.068965
110.8621,29,5,1,148,5.103448
110.8989,29,5,1,148,5.103448
110.9312,29,5,1,148,5.103448
110.964,29,5,1,148,5.103448
111.0462,29,5,1,148,5.103448
111.083,29,5,1,149,5.137931
111.12,29,5,1,149,5.137931
111.155,29,5,1,149,5.137931
111.1935,29,5,1,149,5.137931
111.2289,29,5,1,149,5.137931
111.2638,29,5,1,150,5.172414
111.2991,29,5,1,150,5.172414
111.3358,29,5,1,150,5.172414
111.3666,29,5,1,150,5.172414
111.3982,29,5,1,150,5.172414
111.4295,29,5,1,151,5.206897
111.464,29,5,1,151,5.206897
111.4966,29,5,1,151,5.206897
111.529,29,5,1,151,5.206897
111.5707,29,5,1,151,5.206897
111.6037,29,5,1,152,5.241379
111.6337,29,5,1,152,5.241379
111.6662,28,5,1,152,5.428571
111.6967,28,5,1,152,5.428571
111.7394,28,5,1,152,5.428571
111.7714,28,5,1,153,5.464286
111.8145,28,5,1,153,5.464286
111.8485,28,5,1,153,5.464286
111.8828,28,5,1,153,5.464286
111.9136,28,5,1,153,5.464286
111.9466,28,5,1,154,5.5
111.9779,28,5,1,154,5.5
112.0088,28,5,1,154,5.5
112.0421,28,5,1,154,5.5
112.0744,28,5,1,154,5.5
112.1075,28,5,1,155,5.535714
112.1408,28,5,1,155,5.535714
112.1706,28,5,1,155,5.535714
112.202,28,5,1,155,5.535714
112.2332,28,5,1,155,5.535714
112.2669,28,5,1,156,5.571429
112.2996,28,5,1,156,5.571429
112.3384,28,5,1,156,5.571429
112.3761,28,5,1,156,5.571429
112.4117,28,5,1,156,5.571429
112.4413,28,5,1,157,5.607143
112.4714,28,5,1,157,5.607143
112.5062,28,5,1,157,5.607143
112.539,28,5,1,157,5.607143
112.5705,28,5,1,157,5.607143
112.6009,28,5,1,158,5.642857
112.6398,28,5,1,158,5.642857
112.6739,30,5,1,158,5.266667
112.7139,30,5,1,158,5.266667
112.7451,30,5,1,158,5.266667
112.7871,30,5,1,159,5.3
112.8207,30,5,1,159,5.3
112.8522,30,5,1,159,5.3
112.8888,30,5,1,159,5.3
112.9184,30,5,1,159,5.3
112.9489,30,5,1,160,5.333333
112.9932,30,5,1,160,5.333333
113.0249,30,5,1,160,5.333333
113.0543,30,5,1,160,5.333333
113.0856,30,5,1,160,5.333333
113.1181,30,5,1,161,5.366667
113.1509,30,5,1,161,5.366667
113.1904,30,5,1,161,5.366667
113.2245,30,5,1,161,5.366667
113.2579,30,5,1,161,5.366667
113.2898,30,5,1,162,5.4
113.3218,30,5,1,162,5.4
113.3572,30,5,1,162,5.4
113.3908,30,5,1,162,5.4
113.4251,30,5,1,162,5.4
113.464,30,5,1,163,5.433333
113.4995,30,5,1,163,5.433333
113.5413,30,5,1,163,5.433333
113.5733,30,5,1,163,5.433333
113.61,30,5,1,163,5.433333
113.6443,30,5,1,164,5.466667
113.6839,29,5,1,164,5.655172
113.7156,29,5,1,164,5.655172
113.7469,29,5,1,164,5.655172
113.7791,29,5,1,164,5.655172
113.8127,29,5,1,165,5.689655
113.845,29,5,1,165,5.689655
113.877,29,5,1,165,5.689655
113.9109,29,5,1,165,5.689655
113.9501,29,5,1,165,5.689655
113.9806,29,5,1,166,5.724138
114.0212,29,5,1,166,5.724138
114.0512,29,5,1,166,5.724138
114.0811,29,5,1,166,5.724138
114.1195,29,5,1,166,5.724138
114.1507,29,5,1,167,5.758621
114.1821,29,5,1,167,5.758621
114.2131,29,5,1,167,5.758621
114.2452,29,5,1,167,5.758621
114.2771,29,5,1,167,5.758621
114.3081,29,5,1,168,5.793103
114.3411,29,5,1,168,5.793103
114.373,29,5,1,168,5.793103
114.4066,29,5,1,168,5.793103
114.4395,29,5,1,168,5.793103
114.4719,29,5,1,169,5.827586
114.5062,29,5,1,169,5.827586
114.5405,29,5,1,169,5.827586
114.571,29,5,1,169,5.827586
114.6005,29,5,1,169,5.827586
114.6328,29,5,1,170,5.862069
114.6656,30,5,1,170,5.666667
114.6953,30,5,1,170,5.666667
114.7294,30,5,1,170,5.666667
114.762,30,5,1,170,5.666667
114.7952,30,5,1,171,5.7
114.8276,30,5,1,171,5.7
114.8676,30,5,1,171,5.7
114.9006,30,5,1,171,5.7
114.9341,30,5,1,171,5.7
114.9659,30,5,1,172,5.733333
115.0074,30,5,1,172,5.733333
115.0365,30,5,1,172,5.733333
115.0677,30,5,1,172,5.733333
115.0988,30,5,1,172,5.733333
115.1323,30,5,1,173,5.766667
115.1651,30,5,1,173,5.766667
115.1969,30,5,1,173,5.766667
115.2291,30,5,1,173,5.766667
115.2582,30,5,1,173,5.766667
115.2901,30,5,1,174,5.8
115.3204,30,5,1,174,5.8
115.3511,30,5,1,174,5.8
115.3856,30,5,1,174,5.8
115.4188,30,5,1,174,5.8
115.4579,30,5,1,175,5.833333
115.4876,30,5,1,175,5.833333
115.517,30,5,1,175,5.833333
115.5461,30,5,1,175,5.833333
115.5761,30,5,1,175,5.833333
115.6069,30,5,1,176,5.866667
115.6416,30,5,1,176,5.866667
115.6726,31,5,1,176,5.677419
115.7097,31,5,1,176,5.677419
115.7682,31,5,1,176,5.677419
115.8005,31,5,1,177,5.709677
115.8318,31,5,1,177,5.709677
115.8654,31,5,1,177,5.709677
115.8958,31,5,1,177,5.709677
115.9279,31,5,1,177,5.709677
115.9594,31,5,1,178,5.741935
116.0019,31,5,1,178,5.741935
116.036,31,5,1,178,5.741935
116.0692,31,5,1,178,5.741935
116.1046,31,5,1,178,5.741935
116.1381,31,5,1,179,5.774194
116.173,31,5,1,179,5.774194
116.2101,31,5,1,179,5.774194
116.2454,31,5,1,179,5.774194
116.2773,31,5,1,179,5.774194
116.3088,31,5,1,180,5.806452
116.3406,31,5,1,180,5.806452
116.3756,31,5,1,180,5.806452
116.4079,31,5,1,180,5.806452
116.4445,31,5,1,180,5.806452
116.4772,31,5,1,181,5.83871
116.5118,31,5,1,181,5.83871
116.5508,31,5,1,181,5.83871
116.592,31,5,1,181,5.83871
116.6259,31,5,1,181,5.83871
116.6673,28,5,1,182,6.5
116.6987,28,5,1,182,6.5
116.7365,28,5,1,182,6.5
116.7686,28,5,1,182,6.5
116.803,28,5,1,182,6.5
116.8375,28,5,1,183,6.535714
116.872,28,5,1,183,6.535714
116.912,28,5,1,183,6.535714
116.9445,28,5,1,183,6.535714
116.9785,28,5,1,183,6.535714
117.0141,28,5,1,184,6.571429
117.0412,28,5,1,184,6.571429
117.0725,28,5,1,184,6.571429
117.1066,28,5,1,184,6.571429
117.1385,28,5,1,184,6.571429
117.1701,28,5,1,185,6.607143
117.2053,28,5,1,185,6.607143
117.2352,28,5,1,185,6.607143
117.2662,28,5,1,185,6.607143
117.2966,28,5,1,185,6.607143
117.3306,28,5,1,186,6.642857
117.3667,28,5,1,186,6.642857
117.3985,28,5,1,186,6.642857
117.4352,28,5,1,186,6.642857
117.4691,28,5,1,186,6.642857
117.5042,28,5,1,185,6.607143
117.5408,28,5,1,185,6.607143
117.5737,28,5,1,185,6.607143
117.6079,28,5,1,185,6.607143
117.6412,28,5,1,185,6.607143
117.6745,30,5,1,184,6.133333
117.7076,30,5,1,184,6.133333
117.741,30,5,1,184,6.133333
117.7746,30,5,1,184,6.133333
117.8071,30,5,1,184,6.133333
117.8408,30,5,1,183,6.1
117.8736,30,5,1,183,6.1
117.9054,30,5,1,183,6.1
117.9393,30,5,1,183,6.1
117.9702,30,5,1,183,6.1
118.01,30,5,1,182,6.066667
118.0443,30,5,1,182,6.066667
118.0754,30,5,1,182,6.066667
118.1081,30,5,1,182,6.066667
118.1385,30,5,1,182,6.066667
118.1716,30,5,1,181,6.033333
118.207,30,5,1,181,6.033333
118.2378,30,5,1,181,6.033333
118.273,30,5,1,181,6.033333
118.3054,30,5,1,181,6.033333
118.3348,30,5,1,180,6
118.3655,30,5,1,180,6
118.4003,30,5,1,180,6
118.4334,30,5,1,180,6
118.4647,30,5,1,180,6
118.5079,30,5,1,179,5.966667
118.5409,30,5,1,179,5.966667
118.5716,30,5,1,179,5.966667
118.6066,30,5,1,179,5.966667
118.6434,30,5,1,179,5.966667
118.6795,30,5,1,178,5.933333
118.7104,30,5,1,178,5.933333
118.7434,30,5,1,178,5.933333
118.7773,30,5,1,178,5.933333
118.8128,30,5,1,178,5.933333
118.8453,30,5,1,177,5.9
118.8773,30,5,1,177,5.9
118.9106,30,5,1,177,5.9
118.9444,30,5,1,177,5.9
118.9789,30,5,1,177,5.9
119.0108,30,5,1,176,5.866667
119.0469,30,5,1,176,5.866667
119.081,30,5,1,176,5.866667
119.1156,30,5,1,176,5.866667
119.1495,30,5,1,176,5.866667
119.1835,30,5,1,175,5.833333
119.2253,30,5,1,175,5.833333
119.2608,30,5,1,175,5.833333
119.2921,30,5,1,175,5.833333
119.3221,30,5,1,175,5.833333
119.3562,30,5,1,174,5.8
119.3936,30,5,1,174,5.8
119.426,30,5,1,174,5.8
119.4642,30,5,1,174,5.8
119.499,30,5,1,174,5.8
119.5291,30,5,1,173,5.766667
119.5595,30,5,1,173,5.766667
119.589,30,5,1,173,5.766667
119.6204,30,5,1,173,5.766667
119.659,29,5,1,173,5.965517
119.6895,29,5,1,172,5.931035
119.7336,29,5,1,172,5.931035
119.7677,29,5,1,172,5.931035
119.8021,29,5,1,172,5.931035
119.8367,29,5,1,172,5.931035
119.8695,29,5,1,171,5.896552
119.9001,29,5,1,171,5.896552
119.9338,29,5,1,171,5.896552
119.9655,29,5,1,171,5.896552
119.998,29,5,1,171,5.896552
120.0299,29,5,1,170,5.862069
120.063,29,5,1,170,5.862069
120.0982,29,5,1,170,5.862069
120.1339,29,5,1,170,5.862069
120.1719,29,5,1,170,5.862069
120.2054,29,5,1,169,5.827586
120.2457,29,5,1,169,5.827586
120.2801,29,5,1,169,5.827586
120.3083,29,5,1,169,5.827586
120.3371,29,5,1,169,5.827586
120.3681,29,5,1,168,5.793103
120.4056,29,5,1,168,5.793103
120.4401,29,5,1,168,5.793103
120.4724,29,5,1,168,5.793103
120.5027,29,5,1,168,5.793103
120.5317,29,5,1,167,5.758621
120.5632,29,5,1,167,5.758621
120.5984,29,5,1,167,5.758621
120.6313,29,5,1,167,5.758621
120.6649,30,5,1,167,5.566667
120.6986,30,5,1,166,5.533333
120.7331,30,5,1,166,5.533333
120.7647,30,5,1,166,5.533333
120.7984,30,5,1,166,5.533333
120.8314,30,5,1,166,5.533333
120.8779,30,5,1,165,5.5
120.9125,30,5,1,165,5.5
120.9466,30,5,1,165,5.5
120.9812,30,5,1,165,5.5
121.015,30,5,1,165,5.5
121.0454,30,5,1,164,5.466667
121.0765,30,5,1,164,5.466667
121.1089,30,5,1,164,5.466667
121.1401,30,5,1,164,5.466667
121.1725,30,5,1,164,5.466667
121.2045,30,5,1,163,5.433333
121.2567,30,5,1,163,5.433333
121.2998,30,5,1,163,5.433333
121.3406,30,5,1,163,5.433333
121.3758,30,5,1,163,5.433333
121.4065,30,5,1,162,5.4
121.4371,30,5,1,162,5.4
121.4706,30,5,1,162,5.4
121.5001,30,5,1,162,5.4
121.5301,30,5,1,162,5.4
121.5636,30,5,1,161,5.366667
121.5976,30,5,1,161,5.366667
121.6358,30,5,1,161,5.366667
121.6779,29,5,1,161,5.551724
121.7136,29,5,1,161,5.551724
121.745,29,5,1,160,5.517241
121.7784,29,5,1,160,5.517241
121.8082,29,5,1,160,5.517241
121.8369,29,5,1,160,5.517241
121.8713,29,5,1,160,5.517241
121.9035,29,5,1,159,5.482759
121.9357,29,5,1,159,5.482759
121.9698,29,5,1,159,5.482759
122.0029,29,5,1,159,5.482759
122.0443,29,5,1,159,5.482759
122.078,29,5,1,158,5.448276
122.1105,29,5,1,158,5.448276
122.1464,29,5,1,158,5.448276
122.1821,29,5,1,158,5.448276
122.2418,29,5,1,158,5.448276
122.2778,29,5,1,157,5.413793
122.3082,29,5,1,157,5.413793
122.3422,29,5,1,157,5.413793
122.3804,29,5,1,157,5.413793
122.4167,29,5,1,157,5.413793
122.4493,29,5,1,156,5.37931
122.4906,29,5,1,156,5.37931
122.5217,29,5,1,156,5.37931
122.5566,29,5,1,156,5.37931
122.5903,29,5,1,156,5.37931
122.6228,29,5,1,155,5.344828
122.6568,28,5,1,155,5.535714
122.6895,28,5,1,155,5.535714
122.7305,28,5,1,155,5.535714
122.762,28,5,1,155,5.535714
122.7972,28,5,1,154,5.5
122.8298,28,5,1,154,5.5
122.8609,28,5,1,154,5.5
122.8997,28,5,1,154,5.5
122.9326,28,5,1,154,5.5
122.9625,28,5,1,153,5.464286
122.9977,28,5,1,153,5.464286
123.029,28,5,1,153,5.464286
123.0638,28,5,1,153,5.464286
123.0965,28,5,1,153,5.464286
123.129,28,5,1,152,5.428571
123.1642,28,5,1,152,5.428571
123.1955,28,5,1,152,5.428571
123.2242,28,5,1,152,5.428571
123.2584,28,5,1,152,5.428571
123.2925,28,5,1,151,5.392857
123.3231,28,5,1,151,5.392857
123.3553,28,5,1,151,5.392857
123.3864,28,5,1,151,5.392857
123.4214,28,5,1,151,5.392857
123.4557,28,5,1,150,5.357143
123.4905,28,5,1,150,5.357143
123.521,28,5,1,150,5.357143
123.5532,28,5,1,150,5.357143
123.5859,28,5,1,150,5.357143
123.6165,28,5,1,149,5.321429
123.6503,30,5,1,149,4.966667
123.6838,30,5,1,149,4.966667
123.7193,30,5,1,149,4.966667
123.7548,30,5,1,149,4.966667
123.788,30,5,1,148,4.933333
123.8216,30,5,1,148,4.933333
123.8555,30,5,1,148,4.933333
123.8921,30,5,1,148,4.933333
123.925,30,5,1,148,4.933333
123.9574,30,5,1,147,4.9
123.9949,30,5,1,147,4.9
124.0262,30,5,1,147,4.9
124.0565,30,5,1,147,4.9
124.0918,30,5,1,147,4.9
124.126,30,5,1,146,4.866667
124.1584,30,5,1,146,4.866667
124.1926,30,5,1,146,4.866667
124.2254,30,5,1,146,4.866667
124.2569,30,5,1,146,4.866667
124.2901,30,5,1,145,4.833333
124.3217,30,5,1,145,4.833333
124.352,30,5,1,145,4.833333
124.3819,30,5,1,145,4.833333
124.4136,30,5,1,145,4.833333
124.4468,30,5,1,144,4.8
124.4769,30,5,1,144,4.8
124.5092,30,5,1,144,4.8
124.5413,30,5,1,144,4.8
124.5712,30,5,1,144,4.8
124.6017,30,5,1,143,4.766667
124.6323,30,5,1,143,4.766667
124.6635,31,5,1,143,4.612903
124.6987,31,5,1,143,4.612903
124.7408,31,5,1,143,4.612903
124.7721,31,5,1,142,4.580645
124.807,31,5,1,142,4.580645
124.8384,31,5,1,142,4.580645
124.8702,31,5,1,142,4.580645
124.9013,31,5,1,142,4.580645
124.9356,31,5,1,141,4.548387
124.9714,31,5,1,141,4.548387
125.0032,31,5,1,141,4.548387
125.0374,31,5,1,141,4.548387
125.074,31,5,1,141,4.548387
125.1056,31,5,1,140,4.516129
125.1395,31,5,1,140,4.516129
125.1722,31,5,1,140,4.516129
125.2057,31,5,1,140,4.516129
125.2405,31,5,1,140,4.516129
125.2755,31,5,1,139,4.483871
125.3077,31,5,1,139,4.483871
125.339,31,5,1,139,4.483871
125.3715,31,5,1,139,4.483871
125.4028,31,5,1,139,4.483871
125.4386,31,5,1,138,4.451613
125.4709,31,5,1,138,4.451613
125.5032,31,5,1,138,4.451613
125.535,31,5,1,138,4.451613
125.5681,31,5,1,138,4.451613
125.6075,31,5,1,137,4.419355
125.6391,31,5,1,137,4.419355
125.6734,30,5,1,137,4.566667
125.7086,30,5,1,137,4.566667
125.7436,30,5,1,137,4.566667
125.776,30,5,1,136,4.533333
125.8104,30,5,1,136,4.533333
125.849,30,5,1,136,4.533333
125.8812,30,5,1,136,4.533333
125.916,30,5,1,136,4.533333
125.9524,30,5,1,137,4.566667
125.9886,30,5,1,137,4.566667
126.0205,30,5,1,137,4.566667
126.0546,30,5,1,137,4.566667
126.0849,30,5,1,137,4.566667
126.1189,30,5,1,138,4.6
126.1544,30,5,1,138,4.6
126.1867,30,5,1,138,4.6
126.228,30,5,1,138,4.6
126.2724,30,5,1,138,4.6
126.3085,30,5,1,139,4.633333
126.3412,30,5,1,139,4.633333
126.3745,30,5,1,139,4.633333
126.407,30,5,1,139,4.633333
126.4405,30,5,1,139,4.633333
126.4733,30,5,1,140,4.666667
126.5079,30,5,1,140,4.666667
126.5418,30,5,1,140,4.666667
126.5741,30,5,1,140,4.666667
126.6044,30,5,1,140,4.666667
126.6352,30,5,1,141,4.7
126.6683,29,5,1,141,4.862069
126.7242,29,5,1,141,4.862069
126.761,29,5,1,141,4.862069
126.7907,29,5,1,141,4.862069
126.822,29,5,1,142,4.896552
126.854,29,5,1,142,4.896552
126.8853,29,5,1,142,4.896552
126.9171,29,5,1,142,4.896552
126.9484,29,5,1,142,4.896552
126.9808,29,5,1,143,4.931035
127.0267,29,5,1,143,4.931035
127.0607,29,5,1,143,4.931035
127.0925,29,5,1,143,4.931035
127.1275,29,5,1,143,4.931035
127.1668,29,5,1,144,4.965517
127.2007,29,5,1,144,4.965517
127.2322,29,5,1,144,4.965517
127.2613,29,5,1,144,4.965517
127.2947,29,5,1,144,4.965517
127.3268,29,5,1,145,5
127.3558,29,5,1,145,5
127.3989,29,5,1,145,5
127.4306,29,5,1,145,5
127.4627,29,5,1,145,5
127.495,29,5,1,146,5.034483
127.5276,29,5,1,146,5.034483
127.5605,29,5,1,146,5.034483
127.5959,29,5,1,146,5.034483
127.6355,29,5,1,146,5.034483
127.6664,29,5,1,147,5.068965
127.6985,29,5,1,147,5.068965
127.7307,29,5,1,147,5.068965
127.7608,29,5,1,147,5.068965
127.7892,29,5,1,147,5.068965
127.8215,29,5,1,148,5.103448
127.8539,29,5,1,148,5.103448
127.8861,29,5,1,148,5.103448
127.9201,29,5,1,148,5.103448
127.9532,29,5,1,148,5.103448
127.9875,29,5,1,149,5.137931
128.0204,29,5,1,149,5.137931
128.0568,29,5,1,149,5.137931
128.0883,29,5,1,149,5.137931
128.1175,29,5,1,149,5.137931
128.1508,29,5,1,150,5.172414
128.1831,29,5,1,150,5.172414
128.2143,29,5,1,150,5.172414
128.2485,29,5,1,150,5.172414
128.2867,29,5,1,150,5.172414
128.3222,29,5,1,151,5.206897
128.3554,29,5,1,151,5.206897
128.3854,29,5,1,151,5.206897
128.417,29,5,1,151,5.206897
128.4492,29,5,1,151,5.206897
128.4827,29,5,1,152,5.241379
128.5157,29,5,1,152,5.241379
128.546,29,5,1,152,5.241379
128.5751,29,5,1,152,5.241379
128.6064,29,5,1,152,5.241379
128.644,29,5,1,153,5.275862
128.6771,31,5,1,153,4.935484
128.7124,31,5,1,153,4.935484
128.7432,31,5,1,153,4.935484
128.7764,31,5,1,153,4.935484
128.8095,31,5,1,154,4.967742
128.8396,31,5,1,154,4.967742
128.8692,31,5,1,154,4.967742
128.9035,31,5,1,154,4.967742
128.9381,31,5,1,154,4.967742
128.9685,31,5,1,155,5
129.0026,31,5,1,155,5
129.0388,31,5,1,155,5
129.072,31,5,1,155,5
129.1086,31,5,1,155,5
129.1402,31,5,1,156,5.032258
129.1718,31,5,1,156,5.032258
129.2061,31,5,1,156,5.032258
129.2382,31,5,1,156,5.032258
129.2697,31,5,1,156,5.032258
129.3032,31,5,1,157,5.064516
129.3349,31,5,1,157,5.064516
129.3681,31,5,1,157,5.064516
129.3989,31,5,1,157,5.064516
129.4331,31,5,1,157,5.064516
129.4701,31,5,1,158,5.096774
129.5012,31,5,1,158,5.096774
129.5322,31,5,1,158,5.096774
129.5623,31,5,1,158,5.096774
129.5912,31,5,1,158,5.096774
129.6199,31,5,1,159,5.129032
129.6505,30,5,1,159,5.3
129.6857,30,5,1,159,5.3
129.7208,30,5,1,159,5.3
129.7534,30,5,1,159,5.3
129.7927,30,5,1,160,5.333333
129.824,30,5,1,160,5.333333
129.8555,30,5,1,160,5.333333
129.8913,30,5,1,160,5.333333
129.9232,30,5,1,160,5.333333
129.9536,30,5,1,161,5.366667
129.987,30,5,1,161,5.366667
130.0198,30,5,1,161,5.366667
130.0527,30,5,1,161,5.366667
130.0866,30,5,1,161,5.366667
130.1189,30,5,1,162,5.4
130.1501,30,5,1,162,5.4
130.1849,30,5,1,162,5.4
130.216,30,5,1,162,5.4
130.2503,30,5,1,162,5.4
130.2829,30,5,1,163,5.433333
130.3243,30,5,1,163,5.433333
130.3543,30,5,1,163,5.433333
130.3898,30,5,1,163,5.433333
130.4197,30,5,1,163,5.433333
130.4552,30,5,1,164,5.466667
130.486,30,5,1,164,5.466667
130.5251,30,5,1,164,5.466667
130.5613,30,5,1,164,5.466667
130.5941,30,5,1,164,5.466667
130.6303,30,5,1,165,5.5
130.6617,30,5,1,165,5.5
130.6922,30,5,1,165,5.5
130.723,30,5,1,165,5.5
130.7549,30,5,1,165,5.5
130.7916,30,5,1,166,5.533333
130.8236,30,5,1,166,5.533333
130.8544,30,5,1,166,5.533333
130.8876,30,5,1,166,5.533333
130.9205,30,5,1,166,5.533333
130.9522,30,5,1,167,5.566667
130.985,30,5,1,167,5.566667
131.0185,30,5,1,167,5.566667
131.0491,30,5,1,167,5.566667
131.0786,30,5,1,167,5.566667
131.1107,30,5,1,168,5.6
131.1496,30,5,1,168,5.6
131.1842,30,5,1,168,5.6
131.2141,30,5,1,168,5.6
131.2463,30,5,1,168,5.6
131.2847,30,5,1,169,5.633333
131.317,30,5,1,169,5.633333
131.351,30,5,1,169,5.633333
131.3838,30,5,1,169,5.633333
131.4166,30,5,1,169,5.633333
131.4501,30,5,1,170,5.666667
131.4864,30,5,1,170,5.666667
131.5204,30,5,1,170,5.666667
131.5549,30,5,1,170,5.666667
131.59,30,5,1,170,5.666667
131.6199,30,5,1,171,5.7
131.6517,30,5,1,171,5.7
131.6817,30,5,1,171,5.7
131.7118,30,5,1,171,5.7
131.7511,30,5,1,171,5.7
131.786,30,5,1,172,5.733333
131.8158,30,5,1,172,5.733333
131.8499,30,5,1,172,5.733333
131.8815,30,5,1,172,5.733333
131.9128,30,5,1,172,5.733333
131.9437,30,5,1,173,5.766667
131.9758,30,5,1,173,5.766667
132.0077,30,5,1,173,5.766667
132.0383,30,5,1,173,5.766667
132.0716,30,5,1,173,5.766667
132.1273,30,5,1,174,5.8
132.1589,30,5,1,174,5.8
132.1924,30,5,1,174,5.8
132.2237,30,5,1,174,5.8
132.2543,30,5,1,174,5.8
132.2839,30,5,1,175,5.833333
132.3217,30,5,1,175,5.833333
132.3528,30,5,1,175,5.833333
132.3855,30,5,1,175,5.833333
132.4186,30,5,1,175,5.833333
132.4503,30,5,1,176,5.866667
132.4832,30,5,1,176,5.866667
132.5177,30,5,1,176,5.866667
132.5607,30,5,1,176,5.866667
132.5973,30,5,1,176,5.866667
132.6371,30,5,1,176,5.866667
132.683,30,5,1,176,5.866667
132.7215,30,5,1,176,5.866667
132.7533,30,5,1,176,5.866667
132.7899,30,5,1,176,5.866667
132.8265,30,5,1,176,5.866667
132.8561,30,5,1,176,5.866667
132.888,30,5,1,176,5.866667
132.9227,30,5,1,176,5.866667
132.9575,30,5,1,176,5.866667
132.9919,30,5,1,176,5.866667
133.0258,30,5,1,176,5.866667
133.0604,30,5,1,176,5.866667
133.0921,30,5,1,176,5.866667
133.1244,30,5,1,176,5.866667
133.1634,30,5,1,176,5.866667
133.2157,30,5,1,176,5.866667
133.2487,30,5,1,176,5.866667
133.28,30,5,1,176,5.866667
133.3182,30,5,1,176,5.866667
133.3529,30,5,1,176,5.866667
133.3978,30,5,1,176,5.866667
133.4335,30,5,1,176,5.866667
133.4704,30,5,1,176,5.866667
133.5069,30,5,1,176,5.866667
133.5407,30,5,1,176,5.866667
133.5768,30,5,1,176,5.866667
133.6098,30,5,1,176,5.866667
133.6446,30,5,1,176,5.866667
133.6898,28,5,1,176,6.285714
133.7242,28,5,1,176,6.285714
133.7603,28,5,1,176,6.285714
133.7952,28,5,1,176,6.285714
133.8336,28,5,1,176,6.285714
133.8723,28,5,1,176,6.285714
133.9044,28,5,1,176,6.285714
133.9344,28,5,1,176,6.285714
133.9656,28,5,1,176,6.285714
133.9955,28,5,1,176,6.285714
134.0269,28,5,1,176,6.285714
134.0592,28,5,1,176,6.285714
134.0895,28,5,1,176,6.285714
134.1382,28,5,1,176,6.285714
134.1703,28,5,1,176,6.285714
134.2053,28,5,1,176,6.285714
134.2378,28,5,1,176,6.285714
134.2716,28,5,1,176,6.285714
134.3023,28,5,1,176,6.285714
134.3358,28,5,1,176,6.285714
134.3689,28,5,1,176,6.285714
134.4068,28,5,1,176,6.285714
134.4363,28,5,1,176,6.285714
134.4673,28,5,1,176,6.285714
134.5045,28,5,1,176,6.285714
134.5446,28,5,1,176,6.285714
134.5831,28,5,1,176,6.285714
134.6149,28,5,1,176,6.285714
134.6494,28,5,1,176,6.285714
